batsmanName - Split 1,match,team,battingPos,batsmanName,runs,balls,fours,sixes,SR,out,match_id
Michael van Lingen,Namibia Vs Sri Lanka,Namibia,1,Michael van Lingen,3,6,0,0,50,1,T20I # 1823
Divan la Cock,Namibia Vs Sri Lanka,Namibia,2,Divan la Cock,9,9,1,0,100,1,T20I # 1823
Jan Nicol Loftie-Eaton,Namibia Vs Sri Lanka,Namibia,3,Jan Nicol Loftie-Eaton,20,12,1,2,166.66,1,T20I # 1823
Stephan Baard,Namibia Vs Sri Lanka,Namibia,4,Stephan Baard,26,24,2,0,108.33,1,T20I # 1823
Gerhard Erasmus,Namibia Vs Sri Lanka,Namibia,5,Gerhard Erasmus(c),20,24,0,0,83.33,1,T20I # 1823
Jan Frylinck,Namibia Vs Sri Lanka,Namibia,6,Jan Frylinck,44,28,4,0,157.14,1,T20I # 1823
David Wiese,Namibia Vs Sri Lanka,Namibia,7,David Wiese,0,1,0,0,0,1,T20I # 1823
JJ Smit,Namibia Vs Sri Lanka,Namibia,8,JJ Smit,31,16,2,2,193.75,0,T20I # 1823
Pathum Nissanka,Namibia Vs Sri Lanka,Sri Lanka,1,Pathum Nissanka,9,10,1,0,90,1,T20I # 1823
Kusal Mendis,Namibia Vs Sri Lanka,Sri Lanka,2,Kusal Mendis,6,6,0,0,100,1,T20I # 1823
Dhananjaya de Silva,Namibia Vs Sri Lanka,Sri Lanka,3,Dhananjaya de Silva,12,11,1,0,109.09,1,T20I # 1823
Danushka Gunathilaka,Namibia Vs Sri Lanka,Sri Lanka,4,Danushka Gunathilaka,0,1,0,0,0,1,T20I # 1823
Bhanuka Rajapaksa,Namibia Vs Sri Lanka,Sri Lanka,5,Bhanuka Rajapaksa,20,21,2,0,95.23,1,T20I # 1823
Dasun Shanaka,Namibia Vs Sri Lanka,Sri Lanka,6,Dasun Shanaka(c),29,23,2,1,126.08,1,T20I # 1823
Wanindu Hasaranga de Silva,Namibia Vs Sri Lanka,Sri Lanka,7,Wanindu Hasaranga de Silva,4,8,0,0,50,1,T20I # 1823
Chamika Karunaratne,Namibia Vs Sri Lanka,Sri Lanka,8,Chamika Karunaratne,5,8,0,0,62.5,1,T20I # 1823
Pramod Madushan,Namibia Vs Sri Lanka,Sri Lanka,9,Pramod Madushan,0,0,0,0,,1,T20I # 1823
Dushmantha Chameera,Namibia Vs Sri Lanka,Sri Lanka,10,Dushmantha Chameera,8,15,0,0,53.33,1,T20I # 1823
Maheesh Theekshana,Namibia Vs Sri Lanka,Sri Lanka,11,Maheesh Theekshana,11,11,0,1,100,0,T20I # 1823
Chirag Suri,U.A.E. Vs Netherlands,U.A.E.,1,Chirag Suri,12,20,1,0,60,1,T20I # 1825
Muhammad Waseem,U.A.E. Vs Netherlands,U.A.E.,2,Muhammad Waseem,41,47,1,2,87.23,1,T20I # 1825
Kashif Daud,U.A.E. Vs Netherlands,U.A.E.,3,Kashif Daud,15,14,0,1,107.14,1,T20I # 1825
Vriitya Aravind,U.A.E. Vs Netherlands,U.A.E.,4,Vriitya Aravind,18,21,0,0,85.71,1,T20I # 1825
Zawar Farid,U.A.E. Vs Netherlands,U.A.E.,5,Zawar Farid,2,4,0,0,50,1,T20I # 1825
Basil Hameed,U.A.E. Vs Netherlands,U.A.E.,6,Basil Hameed,4,4,1,0,100,1,T20I # 1825
Chundangapoyil Rizwan,U.A.E. Vs Netherlands,U.A.E.,7,Chundangapoyil Rizwan(c),1,2,0,0,50,1,T20I # 1825
Aayan Afzal Khan,U.A.E. Vs Netherlands,U.A.E.,8,Aayan Afzal Khan,5,7,0,0,71.42,1,T20I # 1825
Karthik Meiyappan,U.A.E. Vs Netherlands,U.A.E.,9,Karthik Meiyappan,0,0,0,0,,0,T20I # 1825
Junaid Siddique,U.A.E. Vs Netherlands,U.A.E.,10,Junaid Siddique,0,1,0,0,0,0,T20I # 1825
Vikramjit Singh,U.A.E. Vs Netherlands,Netherlands,1,Vikramjit Singh,10,7,2,0,142.85,1,T20I # 1825
Max O'Dowd,U.A.E. Vs Netherlands,Netherlands,2,Max O'Dowd,23,18,3,1,127.77,1,T20I # 1825
Bas de Leede,U.A.E. Vs Netherlands,Netherlands,3,Bas de Leede,14,18,1,0,77.77,1,T20I # 1825
Colin Ackermann,U.A.E. Vs Netherlands,Netherlands,4,Colin Ackermann,17,19,1,0,89.47,1,T20I # 1825
Tom Cooper,U.A.E. Vs Netherlands,Netherlands,5,Tom Cooper,8,16,0,0,50,1,T20I # 1825
Scott Edwards,U.A.E. Vs Netherlands,Netherlands,6,Scott Edwards(c),16,19,0,0,84.21,0,T20I # 1825
Roelof van der Merwe,U.A.E. Vs Netherlands,Netherlands,7,Roelof van der Merwe,0,2,0,0,0,1,T20I # 1825
Tim Pringle,U.A.E. Vs Netherlands,Netherlands,8,Tim Pringle,15,16,0,0,93.75,1,T20I # 1825
Logan van Beek,U.A.E. Vs Netherlands,Netherlands,9,Logan van Beek,4,4,0,0,100,0,T20I # 1825
George Munsey,Scotland Vs West Indies,Scotland,1,George Munsey,66,53,9,0,124.52,0,T20I # 1826
Michael Jones,Scotland Vs West Indies,Scotland,2,Michael Jones,20,17,3,0,117.64,1,T20I # 1826
Matthew Cross,Scotland Vs West Indies,Scotland,3,Matthew Cross,3,5,0,0,60,1,T20I # 1826
Richie Berrington,Scotland Vs West Indies,Scotland,4,Richie Berrington(c),16,14,0,1,114.28,1,T20I # 1826
Calum MacLeod,Scotland Vs West Indies,Scotland,5,Calum MacLeod,23,14,4,0,164.28,1,T20I # 1826
Michael Leask,Scotland Vs West Indies,Scotland,6,Michael Leask,4,6,0,0,66.66,1,T20I # 1826
Chris Greaves,Scotland Vs West Indies,Scotland,7,Chris Greaves,16,11,2,0,145.45,0,T20I # 1826
Kyle Mayers,Scotland Vs West Indies,West Indies,1,Kyle Mayers,20,13,3,1,153.84,1,T20I # 1826
Evin Lewis,Scotland Vs West Indies,West Indies,2,Evin Lewis,14,13,1,1,107.69,1,T20I # 1826
Brandon King,Scotland Vs West Indies,West Indies,3,Brandon King,17,15,3,0,113.33,1,T20I # 1826
Nicholas Pooran,Scotland Vs West Indies,West Indies,4,Nicholas Pooran(c),5,9,0,0,55.55,1,T20I # 1826
Shamarh Brooks,Scotland Vs West Indies,West Indies,5,Shamarh Brooks,4,9,0,0,44.44,1,T20I # 1826
Rovman Powell,Scotland Vs West Indies,West Indies,6,Rovman Powell,5,6,0,0,83.33,1,T20I # 1826
Jason Holder,Scotland Vs West Indies,West Indies,7,Jason Holder,38,33,4,1,115.15,1,T20I # 1826
Akeal Hosein,Scotland Vs West Indies,West Indies,8,Akeal Hosein,1,1,0,0,100,1,T20I # 1826
Alzarri Joseph,Scotland Vs West Indies,West Indies,9,Alzarri Joseph,0,1,0,0,0,1,T20I # 1826
Odean Smith,Scotland Vs West Indies,West Indies,10,Odean Smith,5,8,0,0,62.5,1,T20I # 1826
Obed McCoy,Scotland Vs West Indies,West Indies,11,Obed McCoy,2,3,0,0,66.66,0,T20I # 1826
Regis Chakabva,Zimbabwe Vs Ireland,Zimbabwe,1,Regis Chakabva,0,2,0,0,0,1,T20I # 1828
Craig Ervine,Zimbabwe Vs Ireland,Zimbabwe,2,Craig Ervine(c),9,12,1,0,75,1,T20I # 1828
Wessly Madhevere,Zimbabwe Vs Ireland,Zimbabwe,3,Wessly Madhevere,22,19,4,0,115.78,1,T20I # 1828
Sean Williams,Zimbabwe Vs Ireland,Zimbabwe,4,Sean Williams,12,11,0,1,109.09,1,T20I # 1828
Sikandar Raza,Zimbabwe Vs Ireland,Zimbabwe,5,Sikandar Raza,82,48,5,5,170.83,1,T20I # 1828
Milton Shumba,Zimbabwe Vs Ireland,Zimbabwe,6,Milton Shumba,16,14,1,0,114.28,1,T20I # 1828
Ryan Burl,Zimbabwe Vs Ireland,Zimbabwe,7,Ryan Burl,1,4,0,0,25,1,T20I # 1828
Luke Jongwe,Zimbabwe Vs Ireland,Zimbabwe,8,Luke Jongwe,20,10,3,0,200,0,T20I # 1828
Paul Stirling,Zimbabwe Vs Ireland,Ireland,1,Paul Stirling,0,2,0,0,0,1,T20I # 1828
Andy Balbirnie,Zimbabwe Vs Ireland,Ireland,2,Andy Balbirnie(c),3,4,0,0,75,1,T20I # 1828
Lorcan Tucker,Zimbabwe Vs Ireland,Ireland,3,Lorcan Tucker,11,11,2,0,100,1,T20I # 1828
Harry Tector,Zimbabwe Vs Ireland,Ireland,4,Harry Tector,1,4,0,0,25,1,T20I # 1828
Curtis Campher,Zimbabwe Vs Ireland,Ireland,5,Curtis Campher,27,22,1,0,122.72,1,T20I # 1828
George Dockrell,Zimbabwe Vs Ireland,Ireland,6,George Dockrell,24,20,3,0,120,1,T20I # 1828
Gareth Delany,Zimbabwe Vs Ireland,Ireland,7,Gareth Delany,24,20,1,1,120,1,T20I # 1828
Mark Adair,Zimbabwe Vs Ireland,Ireland,8,Mark Adair,9,10,0,1,90,1,T20I # 1828
Simi Singh,Zimbabwe Vs Ireland,Ireland,9,Simi Singh,0,1,0,0,0,1,T20I # 1828
Barry McCarthy,Zimbabwe Vs Ireland,Ireland,10,Barry McCarthy,22,16,1,2,137.5,0,T20I # 1828
Josh Little,Zimbabwe Vs Ireland,Ireland,11,Josh Little,7,11,1,0,63.63,0,T20I # 1828
Michael van Lingen,Namibia Vs Netherlands,Namibia,1,Michael van Lingen,20,19,3,0,105.26,1,T20I # 1830
Divan la Cock,Namibia Vs Netherlands,Namibia,2,Divan la Cock,0,2,0,0,0,1,T20I # 1830
Stephan Baard,Namibia Vs Netherlands,Namibia,3,Stephan Baard,19,22,0,0,86.36,1,T20I # 1830
Jan Nicol Loftie-Eaton,Namibia Vs Netherlands,Namibia,4,Jan Nicol Loftie-Eaton,0,2,0,0,0,1,T20I # 1830
Jan Frylinck,Namibia Vs Netherlands,Namibia,5,Jan Frylinck,43,48,1,1,89.58,1,T20I # 1830
Gerhard Erasmus,Namibia Vs Netherlands,Namibia,6,Gerhard Erasmus(c),16,18,0,0,88.88,1,T20I # 1830
David Wiese,Namibia Vs Netherlands,Namibia,7,David Wiese,11,5,1,0,220,0,T20I # 1830
JJ Smit,Namibia Vs Netherlands,Namibia,8,JJ Smit,5,4,1,0,125,0,T20I # 1830
Max O'Dowd,Namibia Vs Netherlands,Netherlands,1,Max O'Dowd,35,35,1,1,100,1,T20I # 1830
Vikramjit Singh,Namibia Vs Netherlands,Netherlands,2,Vikramjit Singh,39,31,3,2,125.8,1,T20I # 1830
Bas de Leede,Namibia Vs Netherlands,Netherlands,3,Bas de Leede,30,30,2,0,100,0,T20I # 1830
Tom Cooper,Namibia Vs Netherlands,Netherlands,4,Tom Cooper,6,6,1,0,100,1,T20I # 1830
Colin Ackermann,Namibia Vs Netherlands,Netherlands,5,Colin Ackermann,0,2,0,0,0,1,T20I # 1830
Scott Edwards,Namibia Vs Netherlands,Netherlands,6,Scott Edwards(c),1,5,0,0,20,1,T20I # 1830
Tim Pringle,Namibia Vs Netherlands,Netherlands,7,Tim Pringle,8,9,0,0,88.88,0,T20I # 1830
Pathum Nissanka,Sri Lanka Vs U.A.E.,Sri Lanka,1,Pathum Nissanka,74,60,6,2,123.33,1,T20I # 1832
Kusal Mendis,Sri Lanka Vs U.A.E.,Sri Lanka,2,Kusal Mendis,18,13,2,0,138.46,1,T20I # 1832
Dhananjaya de Silva,Sri Lanka Vs U.A.E.,Sri Lanka,3,Dhananjaya de Silva,33,21,3,1,157.14,1,T20I # 1832
Bhanuka Rajapaksa,Sri Lanka Vs U.A.E.,Sri Lanka,4,Bhanuka Rajapaksa,5,8,0,0,62.5,1,T20I # 1832
Charith Asalanka,Sri Lanka Vs U.A.E.,Sri Lanka,5,Charith Asalanka,0,1,0,0,0,1,T20I # 1832
Dasun Shanaka,Sri Lanka Vs U.A.E.,Sri Lanka,6,Dasun Shanaka(c),0,1,0,0,0,1,T20I # 1832
Wanindu Hasaranga de Silva,Sri Lanka Vs U.A.E.,Sri Lanka,7,Wanindu Hasaranga de Silva,2,3,0,0,66.66,1,T20I # 1832
Chamika Karunaratne,Sri Lanka Vs U.A.E.,Sri Lanka,8,Chamika Karunaratne,8,11,1,0,72.72,1,T20I # 1832
Pramod Madushan,Sri Lanka Vs U.A.E.,Sri Lanka,9,Pramod Madushan,1,1,0,0,100,0,T20I # 1832
Dushmantha Chameera,Sri Lanka Vs U.A.E.,Sri Lanka,10,Dushmantha Chameera,1,1,0,0,100,0,T20I # 1832
Muhammad Waseem,Sri Lanka Vs U.A.E.,U.A.E.,1,Muhammad Waseem,2,4,0,0,50,1,T20I # 1832
Chirag Suri,Sri Lanka Vs U.A.E.,U.A.E.,2,Chirag Suri,14,19,3,0,73.68,1,T20I # 1832
Aryan Lakra,Sri Lanka Vs U.A.E.,U.A.E.,3,Aryan Lakra,1,3,0,0,33.33,1,T20I # 1832
Chundangapoyil Rizwan,Sri Lanka Vs U.A.E.,U.A.E.,4,Chundangapoyil Rizwan(c),1,3,0,0,33.33,1,T20I # 1832
Vriitya Aravind,Sri Lanka Vs U.A.E.,U.A.E.,5,Vriitya Aravind,9,18,1,0,50,1,T20I # 1832
Basil Hameed,Sri Lanka Vs U.A.E.,U.A.E.,6,Basil Hameed,2,6,0,0,33.33,1,T20I # 1832
Aayan Afzal Khan,Sri Lanka Vs U.A.E.,U.A.E.,7,Aayan Afzal Khan,19,21,1,0,90.47,1,T20I # 1832
Kashif Daud,Sri Lanka Vs U.A.E.,U.A.E.,8,Kashif Daud,0,4,0,0,0,1,T20I # 1832
Karthik Meiyappan,Sri Lanka Vs U.A.E.,U.A.E.,9,Karthik Meiyappan,4,8,0,0,50,1,T20I # 1832
Junaid Siddique,Sri Lanka Vs U.A.E.,U.A.E.,10,Junaid Siddique,18,16,1,1,112.5,1,T20I # 1832
Zahoor Khan,Sri Lanka Vs U.A.E.,U.A.E.,11,Zahoor Khan,1,1,0,0,100,0,T20I # 1832
George Munsey,Scotland Vs Ireland,Scotland,1,George Munsey,1,2,0,0,50,1,T20I # 1833
Michael Jones,Scotland Vs Ireland,Scotland,2,Michael Jones,86,55,6,4,156.36,1,T20I # 1833
Matthew Cross,Scotland Vs Ireland,Scotland,3,Matthew Cross,28,21,5,0,133.33,1,T20I # 1833
Richie Berrington,Scotland Vs Ireland,Scotland,4,Richie Berrington(c),37,27,3,1,137.03,1,T20I # 1833
Michael Leask,Scotland Vs Ireland,Scotland,5,Michael Leask,17,13,2,0,130.76,0,T20I # 1833
Calum MacLeod,Scotland Vs Ireland,Scotland,6,Calum MacLeod,0,3,0,0,0,1,T20I # 1833
Paul Stirling,Scotland Vs Ireland,Ireland,1,Paul Stirling,8,10,1,0,80,1,T20I # 1833
Andy Balbirnie,Scotland Vs Ireland,Ireland,2,Andy Balbirnie(c),14,12,2,0,116.66,1,T20I # 1833
Lorcan Tucker,Scotland Vs Ireland,Ireland,3,Lorcan Tucker,20,17,2,0,117.64,1,T20I # 1833
Harry Tector,Scotland Vs Ireland,Ireland,4,Harry Tector,14,16,1,0,87.5,1,T20I # 1833
Curtis Campher,Scotland Vs Ireland,Ireland,5,Curtis Campher,72,32,7,2,225,0,T20I # 1833
George Dockrell,Scotland Vs Ireland,Ireland,6,George Dockrell,39,27,4,1,144.44,0,T20I # 1833
Kyle Mayers,West Indies Vs Zimbabwe,West Indies,1,Kyle Mayers,13,12,2,0,108.33,1,T20I # 1834
Johnson Charles,West Indies Vs Zimbabwe,West Indies,2,Johnson Charles,45,36,3,2,125,1,T20I # 1834
Evin Lewis,West Indies Vs Zimbabwe,West Indies,3,Evin Lewis,15,18,1,0,83.33,1,T20I # 1834
Nicholas Pooran,West Indies Vs Zimbabwe,West Indies,4,Nicholas Pooran(c),7,9,0,0,77.77,1,T20I # 1834
Rovman Powell,West Indies Vs Zimbabwe,West Indies,5,Rovman Powell,28,21,1,2,133.33,1,T20I # 1834
Shamarh Brooks,West Indies Vs Zimbabwe,West Indies,6,Shamarh Brooks,0,3,0,0,0,1,T20I # 1834
Jason Holder,West Indies Vs Zimbabwe,West Indies,7,Jason Holder,4,3,0,0,133.33,1,T20I # 1834
Akeal Hosein,West Indies Vs Zimbabwe,West Indies,8,Akeal Hosein,23,18,2,0,127.77,0,T20I # 1834
Odean Smith,West Indies Vs Zimbabwe,West Indies,9,Odean Smith,1,2,0,0,50,0,T20I # 1834
Wessly Madhevere,West Indies Vs Zimbabwe,Zimbabwe,1,Wessly Madhevere,27,19,3,1,142.1,1,T20I # 1834
Regis Chakabva,West Indies Vs Zimbabwe,Zimbabwe,2,Regis Chakabva(c),13,9,3,0,144.44,1,T20I # 1834
Tony Munyonga,West Indies Vs Zimbabwe,Zimbabwe,3,Tony Munyonga,2,6,0,0,33.33,1,T20I # 1834
Sean Williams,West Indies Vs Zimbabwe,Zimbabwe,4,Sean Williams,1,2,0,0,50,1,T20I # 1834
Sikandar Raza,West Indies Vs Zimbabwe,Zimbabwe,5,Sikandar Raza,14,8,1,1,175,1,T20I # 1834
Milton Shumba,West Indies Vs Zimbabwe,Zimbabwe,6,Milton Shumba,2,9,0,0,22.22,1,T20I # 1834
Ryan Burl,West Indies Vs Zimbabwe,Zimbabwe,7,Ryan Burl,17,19,3,0,89.47,1,T20I # 1834
Luke Jongwe,West Indies Vs Zimbabwe,Zimbabwe,8,Luke Jongwe,29,22,3,1,131.81,1,T20I # 1834
Richard Ngarava,West Indies Vs Zimbabwe,Zimbabwe,9,Richard Ngarava,2,6,0,0,33.33,1,T20I # 1834
Tendai Chatara,West Indies Vs Zimbabwe,Zimbabwe,10,Tendai Chatara,3,8,0,0,37.5,1,T20I # 1834
Blessing Muzarabani,West Indies Vs Zimbabwe,Zimbabwe,11,Blessing Muzarabani,1,4,0,0,25,0,T20I # 1834
Pathum Nissanka,Sri Lanka Vs Netherlands,Sri Lanka,1,Pathum Nissanka,14,21,0,1,66.66,1,T20I # 1835
Kusal Mendis,Sri Lanka Vs Netherlands,Sri Lanka,2,Kusal Mendis,79,44,5,5,179.54,1,T20I # 1835
Dhananjaya de Silva,Sri Lanka Vs Netherlands,Sri Lanka,3,Dhananjaya de Silva,0,1,0,0,0,1,T20I # 1835
Charith Asalanka,Sri Lanka Vs Netherlands,Sri Lanka,4,Charith Asalanka,31,30,3,0,103.33,1,T20I # 1835
Bhanuka Rajapaksa,Sri Lanka Vs Netherlands,Sri Lanka,5,Bhanuka Rajapaksa,19,13,2,0,146.15,1,T20I # 1835
Dasun Shanaka,Sri Lanka Vs Netherlands,Sri Lanka,6,Dasun Shanaka(c),8,5,0,1,160,1,T20I # 1835
Wanindu Hasaranga de Silva,Sri Lanka Vs Netherlands,Sri Lanka,7,Wanindu Hasaranga de Silva,5,4,0,0,125,0,T20I # 1835
Chamika Karunaratne,Sri Lanka Vs Netherlands,Sri Lanka,8,Chamika Karunaratne,2,2,0,0,100,0,T20I # 1835
Max O'Dowd,Sri Lanka Vs Netherlands,Netherlands,1,Max O'Dowd,71,53,6,3,133.96,0,T20I # 1835
Vikramjit Singh,Sri Lanka Vs Netherlands,Netherlands,2,Vikramjit Singh,7,14,0,0,50,1,T20I # 1835
Bas de Leede,Sri Lanka Vs Netherlands,Netherlands,3,Bas de Leede,14,10,1,1,140,1,T20I # 1835
Colin Ackermann,Sri Lanka Vs Netherlands,Netherlands,4,Colin Ackermann,0,1,0,0,0,1,T20I # 1835
Tom Cooper,Sri Lanka Vs Netherlands,Netherlands,5,Tom Cooper,16,19,2,0,84.21,1,T20I # 1835
Scott Edwards,Sri Lanka Vs Netherlands,Netherlands,6,Scott Edwards(c),21,15,3,0,140,1,T20I # 1835
Tim Pringle,Sri Lanka Vs Netherlands,Netherlands,7,Tim Pringle,2,4,0,0,50,1,T20I # 1835
Timm van der Gugten,Sri Lanka Vs Netherlands,Netherlands,8,Timm van der Gugten,0,1,0,0,0,1,T20I # 1835
Fred Klaassen,Sri Lanka Vs Netherlands,Netherlands,9,Fred Klaassen,3,3,0,0,100,1,T20I # 1835
Paul van Meekeren,Sri Lanka Vs Netherlands,Netherlands,10,Paul van Meekeren,0,0,0,0,,1,T20I # 1835
Roelof van der Merwe,Sri Lanka Vs Netherlands,Netherlands,11,Roelof van der Merwe,0,1,0,0,0,0,T20I # 1835
Muhammad Waseem,U.A.E. Vs Namibia,U.A.E.,1,Muhammad Waseem,50,41,1,3,121.95,1,T20I # 1836
Vriitya Aravind,U.A.E. Vs Namibia,U.A.E.,2,Vriitya Aravind,21,32,2,0,65.62,1,T20I # 1836
Chundangapoyil Rizwan,U.A.E. Vs Namibia,U.A.E.,3,Chundangapoyil Rizwan(c),43,29,3,1,148.27,0,T20I # 1836
Alishan Sharafu,U.A.E. Vs Namibia,U.A.E.,4,Alishan Sharafu,4,4,0,0,100,1,T20I # 1836
Basil Hameed,U.A.E. Vs Namibia,U.A.E.,5,Basil Hameed,25,14,2,2,178.57,0,T20I # 1836
Michael van Lingen,U.A.E. Vs Namibia,Namibia,1,Michael van Lingen,10,8,1,0,125,1,T20I # 1836
Stephan Baard,U.A.E. Vs Namibia,Namibia,2,Stephan Baard,4,6,1,0,66.66,1,T20I # 1836
Jan Nicol Loftie-Eaton,U.A.E. Vs Namibia,Namibia,3,Jan Nicol Loftie-Eaton,1,6,0,0,16.66,1,T20I # 1836
Gerhard Erasmus,U.A.E. Vs Namibia,Namibia,4,Gerhard Erasmus(c),16,18,2,0,88.88,1,T20I # 1836
Jan Frylinck,U.A.E. Vs Namibia,Namibia,5,Jan Frylinck,14,17,1,0,82.35,1,T20I # 1836
JJ Smit,U.A.E. Vs Namibia,Namibia,6,JJ Smit,3,3,0,0,100,1,T20I # 1836
David Wiese,U.A.E. Vs Namibia,Namibia,7,David Wiese,55,36,3,3,152.77,1,T20I # 1836
Zane Green,U.A.E. Vs Namibia,Namibia,8,Zane Green,2,3,0,0,66.66,1,T20I # 1836
Ruben Trumpelmann,U.A.E. Vs Namibia,Namibia,9,Ruben Trumpelmann,25,24,1,1,104.16,0,T20I # 1836
Bernard Scholtz,U.A.E. Vs Namibia,Namibia,10,Bernard Scholtz,1,1,0,0,100,0,T20I # 1836
Kyle Mayers,West Indies Vs Ireland,West Indies,1,Kyle Mayers,1,5,0,0,20,1,T20I # 1837
Johnson Charles,West Indies Vs Ireland,West Indies,2,Johnson Charles,24,18,3,1,133.33,1,T20I # 1837
Evin Lewis,West Indies Vs Ireland,West Indies,3,Evin Lewis,13,18,0,0,72.22,1,T20I # 1837
Brandon King,West Indies Vs Ireland,West Indies,4,Brandon King,62,48,6,1,129.16,0,T20I # 1837
Nicholas Pooran,West Indies Vs Ireland,West Indies,5,Nicholas Pooran(c),13,11,0,1,118.18,1,T20I # 1837
Rovman Powell,West Indies Vs Ireland,West Indies,6,Rovman Powell,6,8,1,0,75,1,T20I # 1837
Odean Smith,West Indies Vs Ireland,West Indies,7,Odean Smith,19,12,1,2,158.33,0,T20I # 1837
Paul Stirling,West Indies Vs Ireland,Ireland,1,Paul Stirling,66,48,6,2,137.5,0,T20I # 1837
Andy Balbirnie,West Indies Vs Ireland,Ireland,2,Andy Balbirnie(c),37,23,3,3,160.86,1,T20I # 1837
Lorcan Tucker,West Indies Vs Ireland,Ireland,3,Lorcan Tucker,45,35,2,2,128.57,0,T20I # 1837
George Munsey,Scotland Vs Zimbabwe,Scotland,1,George Munsey,54,51,7,0,105.88,1,T20I # 1838
Michael Jones,Scotland Vs Zimbabwe,Scotland,2,Michael Jones,4,5,1,0,80,1,T20I # 1838
Matthew Cross,Scotland Vs Zimbabwe,Scotland,3,Matthew Cross,1,7,0,0,14.28,1,T20I # 1838
Richie Berrington,Scotland Vs Zimbabwe,Scotland,4,Richie Berrington(c),13,15,0,0,86.66,1,T20I # 1838
Calum MacLeod,Scotland Vs Zimbabwe,Scotland,5,Calum MacLeod,25,26,1,0,96.15,1,T20I # 1838
Michael Leask,Scotland Vs Zimbabwe,Scotland,6,Michael Leask,12,9,2,0,133.33,1,T20I # 1838
Chris Greaves,Scotland Vs Zimbabwe,Scotland,7,Chris Greaves,3,7,0,0,42.85,0,T20I # 1838
Josh Davey,Scotland Vs Zimbabwe,Scotland,8,Josh Davey,4,3,0,0,133.33,0,T20I # 1838
Regis Chakabva,Scotland Vs Zimbabwe,Zimbabwe,1,Regis Chakabva,4,3,1,0,133.33,1,T20I # 1838
Craig Ervine,Scotland Vs Zimbabwe,Zimbabwe,2,Craig Ervine(c),58,54,6,0,107.4,1,T20I # 1838
Wessly Madhevere,Scotland Vs Zimbabwe,Zimbabwe,3,Wessly Madhevere,0,5,0,0,0,1,T20I # 1838
Sean Williams,Scotland Vs Zimbabwe,Zimbabwe,4,Sean Williams,7,12,0,0,58.33,1,T20I # 1838
Sikandar Raza,Scotland Vs Zimbabwe,Zimbabwe,5,Sikandar Raza,40,23,3,2,173.91,1,T20I # 1838
Milton Shumba,Scotland Vs Zimbabwe,Zimbabwe,6,Milton Shumba,11,11,0,0,100,0,T20I # 1838
Ryan Burl,Scotland Vs Zimbabwe,Zimbabwe,7,Ryan Burl,9,5,1,0,180,0,T20I # 1838
Finn Allen,New Zealand Vs Australia,New Zealand,1,Finn Allen,42,16,5,3,262.5,1,T20I # 1839
Devon Conway,New Zealand Vs Australia,New Zealand,2,Devon Conway,92,58,7,2,158.62,0,T20I # 1839
Kane Williamson,New Zealand Vs Australia,New Zealand,3,Kane Williamson(c),23,23,1,1,100,1,T20I # 1839
Glenn Phillips,New Zealand Vs Australia,New Zealand,4,Glenn Phillips,12,10,2,0,120,1,T20I # 1839
James Neesham,New Zealand Vs Australia,New Zealand,5,James Neesham,26,13,0,2,200,0,T20I # 1839
David Warner,New Zealand Vs Australia,Australia,1,David Warner,5,6,1,0,83.33,1,T20I # 1839
Aaron Finch,New Zealand Vs Australia,Australia,2,Aaron Finch(c),13,11,1,1,118.18,1,T20I # 1839
Mitchell Marsh,New Zealand Vs Australia,Australia,3,Mitchell Marsh,16,12,2,1,133.33,1,T20I # 1839
Glenn Maxwell,New Zealand Vs Australia,Australia,4,Glenn Maxwell,28,20,3,1,140,1,T20I # 1839
Marcus Stoinis,New Zealand Vs Australia,Australia,5,Marcus Stoinis,7,14,0,0,50,1,T20I # 1839
Tim David,New Zealand Vs Australia,Australia,6,Tim David,11,8,0,1,137.5,1,T20I # 1839
Matthew Wade,New Zealand Vs Australia,Australia,7,Matthew Wade,2,4,0,0,50,1,T20I # 1839
Pat Cummins,New Zealand Vs Australia,Australia,8,Pat Cummins,21,18,2,1,116.66,1,T20I # 1839
Mitchell Starc,New Zealand Vs Australia,Australia,9,Mitchell Starc,4,7,0,0,57.14,1,T20I # 1839
Adam Zampa,New Zealand Vs Australia,Australia,10,Adam Zampa,0,2,0,0,0,1,T20I # 1839
Josh Hazlewood,New Zealand Vs Australia,Australia,11,Josh Hazlewood,1,1,0,0,100,0,T20I # 1839
Hazratullah Zazai,Afghanistan Vs England,Afghanistan,1,Hazratullah Zazai,7,17,1,0,41.17,1,T20I # 1840
Rahmanullah Gurbaz,Afghanistan Vs England,Afghanistan,2,Rahmanullah Gurbaz,10,9,0,1,111.11,1,T20I # 1840
Ibrahim Zadran,Afghanistan Vs England,Afghanistan,3,Ibrahim Zadran,32,32,3,1,100,1,T20I # 1840
Usman Ghani,Afghanistan Vs England,Afghanistan,4,Usman Ghani,30,30,3,0,100,1,T20I # 1840
Najibullah Zadran,Afghanistan Vs England,Afghanistan,5,Najibullah Zadran,13,11,0,1,118.18,1,T20I # 1840
Mohammad Nabi,Afghanistan Vs England,Afghanistan,6,Mohammad Nabi(c),3,5,0,0,60,1,T20I # 1840
Azmatullah Omarzai,Afghanistan Vs England,Afghanistan,7,Azmatullah Omarzai,8,6,1,0,133.33,1,T20I # 1840
Rashid Khan,Afghanistan Vs England,Afghanistan,8,Rashid Khan,0,1,0,0,0,1,T20I # 1840
Mujeeb Ur Rahman,Afghanistan Vs England,Afghanistan,9,Mujeeb Ur Rahman,0,1,0,0,0,1,T20I # 1840
Fareed Ahmad,Afghanistan Vs England,Afghanistan,10,Fareed Ahmad,2,4,0,0,50,0,T20I # 1840
Fazalhaq Farooqi,Afghanistan Vs England,Afghanistan,11,Fazalhaq Farooqi,0,2,0,0,0,1,T20I # 1840
Jos Buttler,Afghanistan Vs England,England,1,Jos Buttler(c),18,18,3,0,100,1,T20I # 1840
Alex Hales,Afghanistan Vs England,England,2,Alex Hales,19,20,0,1,95,1,T20I # 1840
Dawid Malan,Afghanistan Vs England,England,3,Dawid Malan,18,30,0,0,60,1,T20I # 1840
Ben Stokes,Afghanistan Vs England,England,4,Ben Stokes,2,4,0,0,50,1,T20I # 1840
Liam Livingstone,Afghanistan Vs England,England,5,Liam Livingstone,29,21,3,0,138.09,0,T20I # 1840
Harry Brook,Afghanistan Vs England,England,6,Harry Brook,7,6,0,0,116.66,1,T20I # 1840
Moeen Ali,Afghanistan Vs England,England,7,Moeen Ali,8,10,0,0,80,0,T20I # 1840
Paul Stirling,Ireland Vs Sri Lanka,Ireland,1,Paul Stirling,34,25,4,1,136,1,T20I # 1841
Andy Balbirnie,Ireland Vs Sri Lanka,Ireland,2,Andy Balbirnie(c),1,5,0,0,20,1,T20I # 1841
Lorcan Tucker,Ireland Vs Sri Lanka,Ireland,3,Lorcan Tucker,10,11,1,0,90.9,1,T20I # 1841
Harry Tector,Ireland Vs Sri Lanka,Ireland,4,Harry Tector,45,42,2,1,107.14,1,T20I # 1841
Curtis Campher,Ireland Vs Sri Lanka,Ireland,5,Curtis Campher,2,4,0,0,50,1,T20I # 1841
George Dockrell,Ireland Vs Sri Lanka,Ireland,6,George Dockrell,14,16,0,0,87.5,1,T20I # 1841
Gareth Delany,Ireland Vs Sri Lanka,Ireland,7,Gareth Delany,9,6,1,0,150,1,T20I # 1841
Mark Adair,Ireland Vs Sri Lanka,Ireland,8,Mark Adair,0,1,0,0,0,1,T20I # 1841
Simi Singh,Ireland Vs Sri Lanka,Ireland,9,Simi Singh,7,8,1,0,87.5,0,T20I # 1841
Barry McCarthy,Ireland Vs Sri Lanka,Ireland,10,Barry McCarthy,2,2,0,0,100,0,T20I # 1841
Kusal Mendis,Ireland Vs Sri Lanka,Sri Lanka,1,Kusal Mendis,68,43,5,3,158.13,0,T20I # 1841
Dhananjaya de Silva,Ireland Vs Sri Lanka,Sri Lanka,2,Dhananjaya de Silva,31,25,2,1,124,1,T20I # 1841
Charith Asalanka,Ireland Vs Sri Lanka,Sri Lanka,3,Charith Asalanka,31,22,2,0,140.9,0,T20I # 1841
Mohammad Rizwan,Pakistan Vs India,Pakistan,1,Mohammad Rizwan,4,12,1,0,33.33,1,T20I # 1842
Babar Azam,Pakistan Vs India,Pakistan,2,Babar Azam(c),0,1,0,0,0,1,T20I # 1842
Shan Masood,Pakistan Vs India,Pakistan,3,Shan Masood,52,42,5,0,123.8,0,T20I # 1842
Iftikhar Ahmed,Pakistan Vs India,Pakistan,4,Iftikhar Ahmed,51,34,2,4,150,1,T20I # 1842
Shadab Khan,Pakistan Vs India,Pakistan,5,Shadab Khan,5,6,1,0,83.33,1,T20I # 1842
Haider Ali,Pakistan Vs India,Pakistan,6,Haider Ali,2,4,0,0,50,1,T20I # 1842
Mohammad Nawaz,Pakistan Vs India,Pakistan,7,Mohammad Nawaz,9,6,2,0,150,1,T20I # 1842
Asif Ali,Pakistan Vs India,Pakistan,8,Asif Ali,2,3,0,0,66.66,1,T20I # 1842
Shaheen Shah Afridi,Pakistan Vs India,Pakistan,9,Shaheen Shah Afridi,16,8,1,1,200,1,T20I # 1842
Haris Rauf,Pakistan Vs India,Pakistan,10,Haris Rauf,6,4,0,1,150,0,T20I # 1842
KL Rahul,Pakistan Vs India,India,1,KL Rahul,4,8,0,0,50,1,T20I # 1842
Rohit Sharma,Pakistan Vs India,India,2,Rohit Sharma(c),4,7,0,0,57.14,1,T20I # 1842
Virat Kohli,Pakistan Vs India,India,3,Virat Kohli,82,53,6,4,154.71,0,T20I # 1842
Suryakumar Yadav,Pakistan Vs India,India,4,Suryakumar Yadav,15,10,2,0,150,1,T20I # 1842
Axar Patel,Pakistan Vs India,India,5,Axar Patel,2,3,0,0,66.66,1,T20I # 1842
Hardik Pandya,Pakistan Vs India,India,6,Hardik Pandya,40,37,1,2,108.1,1,T20I # 1842
Dinesh Karthik,Pakistan Vs India,India,7,Dinesh Karthik,1,2,0,0,50,1,T20I # 1842
Ravichandran Ashwin,Pakistan Vs India,India,8,Ravichandran Ashwin,1,1,0,0,100,0,T20I # 1842
Najmul Hossain Shanto,Bangladesh Vs Netherlands,Bangladesh,1,Najmul Hossain Shanto,25,20,4,0,125,1,T20I # 1843
Soumya Sarkar,Bangladesh Vs Netherlands,Bangladesh,2,Soumya Sarkar,14,14,2,0,100,1,T20I # 1843
Litton Das,Bangladesh Vs Netherlands,Bangladesh,3,Litton Das,9,11,0,0,81.81,1,T20I # 1843
Shakib Al Hasan,Bangladesh Vs Netherlands,Bangladesh,4,Shakib Al Hasan(c),7,9,0,0,77.77,1,T20I # 1843
Afif Hossain,Bangladesh Vs Netherlands,Bangladesh,5,Afif Hossain,38,27,2,2,140.74,1,T20I # 1843
Yasir Ali,Bangladesh Vs Netherlands,Bangladesh,6,Yasir Ali,3,5,0,0,60,1,T20I # 1843
Nurul Hasan,Bangladesh Vs Netherlands,Bangladesh,7,Nurul Hasan,13,18,0,0,72.22,1,T20I # 1843
Mosaddek Hossain,Bangladesh Vs Netherlands,Bangladesh,8,Mosaddek Hossain,20,12,2,1,166.66,0,T20I # 1843
Taskin Ahmed,Bangladesh Vs Netherlands,Bangladesh,9,Taskin Ahmed,0,1,0,0,0,1,T20I # 1843
Hasan Mahmud,Bangladesh Vs Netherlands,Bangladesh,10,Hasan Mahmud,0,3,0,0,0,0,T20I # 1843
Vikramjit Singh,Bangladesh Vs Netherlands,Netherlands,1,Vikramjit Singh,0,1,0,0,0,1,T20I # 1843
Max O'Dowd,Bangladesh Vs Netherlands,Netherlands,2,Max O'Dowd,8,8,0,1,100,1,T20I # 1843
Bas de Leede,Bangladesh Vs Netherlands,Netherlands,3,Bas de Leede,0,1,0,0,0,1,T20I # 1843
Colin Ackermann,Bangladesh Vs Netherlands,Netherlands,4,Colin Ackermann,62,48,6,2,129.16,1,T20I # 1843
Tom Cooper,Bangladesh Vs Netherlands,Netherlands,5,Tom Cooper,0,0,0,0,,1,T20I # 1843
Scott Edwards,Bangladesh Vs Netherlands,Netherlands,6,Scott Edwards(c),16,24,1,0,66.66,1,T20I # 1843
Tim Pringle,Bangladesh Vs Netherlands,Netherlands,7,Tim Pringle,1,6,0,0,16.66,1,T20I # 1843
Logan van Beek,Bangladesh Vs Netherlands,Netherlands,8,Logan van Beek,2,5,0,0,40,1,T20I # 1843
Shariz Ahmad,Bangladesh Vs Netherlands,Netherlands,9,Shariz Ahmad,9,8,1,0,112.5,1,T20I # 1843
Fred Klaassen,Bangladesh Vs Netherlands,Netherlands,10,Fred Klaassen,7,6,0,0,116.66,0,T20I # 1843
Paul van Meekeren,Bangladesh Vs Netherlands,Netherlands,11,Paul van Meekeren,24,14,3,1,171.42,1,T20I # 1843
Regis Chakabva,Zimbabwe Vs South Africa,Zimbabwe,1,Regis Chakabva,8,8,0,1,100,1,T20I # 1844
Craig Ervine,Zimbabwe Vs South Africa,Zimbabwe,2,Craig Ervine(c),2,6,0,0,33.33,1,T20I # 1844
Sean Williams,Zimbabwe Vs South Africa,Zimbabwe,3,Sean Williams,1,1,0,0,100,1,T20I # 1844
Sikandar Raza,Zimbabwe Vs South Africa,Zimbabwe,4,Sikandar Raza,0,2,0,0,0,1,T20I # 1844
Wessly Madhevere,Zimbabwe Vs South Africa,Zimbabwe,5,Wessly Madhevere,35,18,4,1,194.44,0,T20I # 1844
Milton Shumba,Zimbabwe Vs South Africa,Zimbabwe,6,Milton Shumba,18,20,2,0,90,1,T20I # 1844
Quinton de Kock,Zimbabwe Vs South Africa,South Africa,1,Quinton de Kock,47,18,8,1,261.11,0,T20I # 1844
Temba Bavuma,Zimbabwe Vs South Africa,South Africa,2,Temba Bavuma(c),2,2,0,0,100,0,T20I # 1844
Pathum Nissanka,Sri Lanka Vs Australia,Sri Lanka,1,Pathum Nissanka,40,45,2,0,88.88,1,T20I # 1845
Kusal Mendis,Sri Lanka Vs Australia,Sri Lanka,2,Kusal Mendis,5,6,1,0,83.33,1,T20I # 1845
Dhananjaya de Silva,Sri Lanka Vs Australia,Sri Lanka,3,Dhananjaya de Silva,26,23,3,0,113.04,1,T20I # 1845
Charith Asalanka,Sri Lanka Vs Australia,Sri Lanka,4,Charith Asalanka,38,25,3,2,152,0,T20I # 1845
Bhanuka Rajapaksa,Sri Lanka Vs Australia,Sri Lanka,5,Bhanuka Rajapaksa,7,5,1,0,140,1,T20I # 1845
Dasun Shanaka,Sri Lanka Vs Australia,Sri Lanka,6,Dasun Shanaka(c),3,5,0,0,60,1,T20I # 1845
Wanindu Hasaranga de Silva,Sri Lanka Vs Australia,Sri Lanka,7,Wanindu Hasaranga de Silva,1,4,0,0,25,1,T20I # 1845
Chamika Karunaratne,Sri Lanka Vs Australia,Sri Lanka,8,Chamika Karunaratne,14,7,2,0,200,0,T20I # 1845
David Warner,Sri Lanka Vs Australia,Australia,1,David Warner,11,10,0,0,110,1,T20I # 1845
Aaron Finch,Sri Lanka Vs Australia,Australia,2,Aaron Finch(c),31,42,0,1,73.8,0,T20I # 1845
Mitchell Marsh,Sri Lanka Vs Australia,Australia,3,Mitchell Marsh,17,17,1,1,100,1,T20I # 1845
Glenn Maxwell,Sri Lanka Vs Australia,Australia,4,Glenn Maxwell,23,12,2,2,191.66,1,T20I # 1845
Marcus Stoinis,Sri Lanka Vs Australia,Australia,5,Marcus Stoinis,59,18,4,6,327.77,0,T20I # 1845
Paul Stirling,Ireland Vs England,Ireland,1,Paul Stirling,14,8,1,1,175,1,T20I # 1846
Andy Balbirnie,Ireland Vs England,Ireland,2,Andy Balbirnie(c),62,47,5,2,131.91,1,T20I # 1846
Lorcan Tucker,Ireland Vs England,Ireland,3,Lorcan Tucker,34,27,3,1,125.92,1,T20I # 1846
Harry Tector,Ireland Vs England,Ireland,4,Harry Tector,0,2,0,0,0,1,T20I # 1846
Curtis Campher,Ireland Vs England,Ireland,5,Curtis Campher,18,11,3,0,163.63,1,T20I # 1846
George Dockrell,Ireland Vs England,Ireland,6,George Dockrell,0,1,0,0,0,1,T20I # 1846
Gareth Delany,Ireland Vs England,Ireland,7,Gareth Delany,12,10,1,0,120,0,T20I # 1846
Mark Adair,Ireland Vs England,Ireland,8,Mark Adair,4,4,0,0,100,1,T20I # 1846
Barry McCarthy,Ireland Vs England,Ireland,9,Barry McCarthy,3,3,0,0,100,1,T20I # 1846
Fionn Hand,Ireland Vs England,Ireland,10,Fionn Hand,1,2,0,0,50,1,T20I # 1846
Josh Little,Ireland Vs England,Ireland,11,Josh Little,0,1,0,0,0,1,T20I # 1846
Jos Buttler,Ireland Vs England,England,1,Jos Buttler(c),0,2,0,0,0,1,T20I # 1846
Alex Hales,Ireland Vs England,England,2,Alex Hales,7,5,1,0,140,1,T20I # 1846
Dawid Malan,Ireland Vs England,England,3,Dawid Malan,35,37,2,0,94.59,1,T20I # 1846
Ben Stokes,Ireland Vs England,England,4,Ben Stokes,6,8,0,0,75,1,T20I # 1846
Harry Brook,Ireland Vs England,England,5,Harry Brook,18,21,1,0,85.71,1,T20I # 1846
Moeen Ali,Ireland Vs England,England,6,Moeen Ali,24,12,3,1,200,0,T20I # 1846
Liam Livingstone,Ireland Vs England,England,7,Liam Livingstone,1,2,0,0,50,0,T20I # 1846
Temba Bavuma,South Africa Vs Bangladesh,South Africa,1,Temba Bavuma(c),2,6,0,0,33.33,1,T20I # 1847
Quinton de Kock,South Africa Vs Bangladesh,South Africa,2,Quinton de Kock,63,38,7,3,165.78,1,T20I # 1847
Rilee Rossouw,South Africa Vs Bangladesh,South Africa,3,Rilee Rossouw,109,56,7,8,194.64,1,T20I # 1847
Tristan Stubbs,South Africa Vs Bangladesh,South Africa,4,Tristan Stubbs,7,7,1,0,100,1,T20I # 1847
Aiden Markram,South Africa Vs Bangladesh,South Africa,5,Aiden Markram,10,11,1,0,90.9,1,T20I # 1847
David Miller,South Africa Vs Bangladesh,South Africa,6,David Miller,2,4,0,0,50,0,T20I # 1847
Wayne Parnell,South Africa Vs Bangladesh,South Africa,7,Wayne Parnell,0,2,0,0,0,0,T20I # 1847
Najmul Hossain Shanto,South Africa Vs Bangladesh,Bangladesh,1,Najmul Hossain Shanto,9,9,1,0,100,1,T20I # 1847
Soumya Sarkar,South Africa Vs Bangladesh,Bangladesh,2,Soumya Sarkar,15,6,0,2,250,1,T20I # 1847
Litton Das,South Africa Vs Bangladesh,Bangladesh,3,Litton Das,34,31,1,1,109.67,1,T20I # 1847
Shakib Al Hasan,South Africa Vs Bangladesh,Bangladesh,4,Shakib Al Hasan(c),1,4,0,0,25,1,T20I # 1847
Afif Hossain,South Africa Vs Bangladesh,Bangladesh,5,Afif Hossain,1,5,0,0,20,1,T20I # 1847
Mehidy Hasan Miraz,South Africa Vs Bangladesh,Bangladesh,6,Mehidy Hasan Miraz,11,13,0,0,84.61,1,T20I # 1847
Mosaddek Hossain,South Africa Vs Bangladesh,Bangladesh,7,Mosaddek Hossain,0,3,0,0,0,1,T20I # 1847
Nurul Hasan,South Africa Vs Bangladesh,Bangladesh,8,Nurul Hasan,2,6,0,0,33.33,1,T20I # 1847
Taskin Ahmed,South Africa Vs Bangladesh,Bangladesh,9,Taskin Ahmed,10,17,1,0,58.82,1,T20I # 1847
Hasan Mahmud,South Africa Vs Bangladesh,Bangladesh,10,Hasan Mahmud,0,2,0,0,0,1,T20I # 1847
Mustafizur Rahman,South Africa Vs Bangladesh,Bangladesh,11,Mustafizur Rahman,9,3,0,1,300,0,T20I # 1847
KL Rahul,India Vs Netherlands,India,1,KL Rahul,9,12,1,0,75,1,T20I # 1848
Rohit Sharma,India Vs Netherlands,India,2,Rohit Sharma(c),53,39,4,3,135.89,1,T20I # 1848
Virat Kohli,India Vs Netherlands,India,3,Virat Kohli,62,44,3,2,140.9,0,T20I # 1848
Suryakumar Yadav,India Vs Netherlands,India,4,Suryakumar Yadav,51,25,7,1,204,0,T20I # 1848
Vikramjit Singh,India Vs Netherlands,Netherlands,1,Vikramjit Singh,1,9,0,0,11.11,1,T20I # 1848
Max O'Dowd,India Vs Netherlands,Netherlands,2,Max O'Dowd,16,10,3,0,160,1,T20I # 1848
Bas de Leede,India Vs Netherlands,Netherlands,3,Bas de Leede,16,23,0,0,69.56,1,T20I # 1848
Colin Ackermann,India Vs Netherlands,Netherlands,4,Colin Ackermann,17,21,1,0,80.95,1,T20I # 1848
Tom Cooper,India Vs Netherlands,Netherlands,5,Tom Cooper,9,12,0,0,75,1,T20I # 1848
Scott Edwards,India Vs Netherlands,Netherlands,6,Scott Edwards(c),5,8,0,0,62.5,1,T20I # 1848
Tim Pringle,India Vs Netherlands,Netherlands,7,Tim Pringle,20,15,1,1,133.33,1,T20I # 1848
Logan van Beek,India Vs Netherlands,Netherlands,8,Logan van Beek,3,5,0,0,60,1,T20I # 1848
Shariz Ahmad,India Vs Netherlands,Netherlands,9,Shariz Ahmad,16,11,2,0,145.45,0,T20I # 1848
Fred Klaassen,India Vs Netherlands,Netherlands,10,Fred Klaassen,0,1,0,0,0,1,T20I # 1848
Paul van Meekeren,India Vs Netherlands,Netherlands,11,Paul van Meekeren,14,6,3,0,233.33,0,T20I # 1848
Wessly Madhevere,Zimbabwe Vs Pakistan,Zimbabwe,1,Wessly Madhevere,17,13,3,0,130.76,1,T20I # 1849
Craig Ervine,Zimbabwe Vs Pakistan,Zimbabwe,2,Craig Ervine(c),19,19,2,0,100,1,T20I # 1849
Milton Shumba,Zimbabwe Vs Pakistan,Zimbabwe,3,Milton Shumba,8,10,1,0,80,1,T20I # 1849
Sean Williams,Zimbabwe Vs Pakistan,Zimbabwe,4,Sean Williams,31,28,3,0,110.71,1,T20I # 1849
Sikandar Raza,Zimbabwe Vs Pakistan,Zimbabwe,5,Sikandar Raza,9,16,1,0,56.25,1,T20I # 1849
Regis Chakabva,Zimbabwe Vs Pakistan,Zimbabwe,6,Regis Chakabva,0,1,0,0,0,1,T20I # 1849
Ryan Burl,Zimbabwe Vs Pakistan,Zimbabwe,7,Ryan Burl,10,15,0,0,66.66,0,T20I # 1849
Luke Jongwe,Zimbabwe Vs Pakistan,Zimbabwe,8,Luke Jongwe,0,1,0,0,0,1,T20I # 1849
Brad Evans,Zimbabwe Vs Pakistan,Zimbabwe,9,Brad Evans,19,15,0,1,126.66,1,T20I # 1849
Richard Ngarava,Zimbabwe Vs Pakistan,Zimbabwe,10,Richard Ngarava,3,2,0,0,150,0,T20I # 1849
Mohammad Rizwan,Zimbabwe Vs Pakistan,Pakistan,1,Mohammad Rizwan,14,16,1,1,87.5,1,T20I # 1849
Babar Azam,Zimbabwe Vs Pakistan,Pakistan,2,Babar Azam(c),4,9,1,0,44.44,1,T20I # 1849
Shan Masood,Zimbabwe Vs Pakistan,Pakistan,3,Shan Masood,44,38,3,0,115.78,1,T20I # 1849
Iftikhar Ahmed,Zimbabwe Vs Pakistan,Pakistan,4,Iftikhar Ahmed,5,10,1,0,50,1,T20I # 1849
Shadab Khan,Zimbabwe Vs Pakistan,Pakistan,5,Shadab Khan,17,14,0,1,121.42,1,T20I # 1849
Haider Ali,Zimbabwe Vs Pakistan,Pakistan,6,Haider Ali,0,1,0,0,0,1,T20I # 1849
Mohammad Nawaz,Zimbabwe Vs Pakistan,Pakistan,7,Mohammad Nawaz,22,18,1,1,122.22,1,T20I # 1849
Mohammad Wasim,Zimbabwe Vs Pakistan,Pakistan,8,Mohammad Wasim,12,13,2,0,92.3,0,T20I # 1849
Shaheen Shah Afridi,Zimbabwe Vs Pakistan,Pakistan,9,Shaheen Shah Afridi,1,1,0,0,100,1,T20I # 1849
Finn Allen,New Zealand Vs Sri Lanka,New Zealand,1,Finn Allen,1,3,0,0,33.33,1,T20I # 1850
Devon Conway,New Zealand Vs Sri Lanka,New Zealand,2,Devon Conway,1,4,0,0,25,1,T20I # 1850
Kane Williamson,New Zealand Vs Sri Lanka,New Zealand,3,Kane Williamson(c),8,13,1,0,61.53,1,T20I # 1850
Glenn Phillips,New Zealand Vs Sri Lanka,New Zealand,4,Glenn Phillips,104,64,10,4,162.5,1,T20I # 1850
Daryl Mitchell,New Zealand Vs Sri Lanka,New Zealand,5,Daryl Mitchell,22,24,0,0,91.66,1,T20I # 1850
James Neesham,New Zealand Vs Sri Lanka,New Zealand,6,James Neesham,5,8,0,0,62.5,1,T20I # 1850
Mitchell Santner,New Zealand Vs Sri Lanka,New Zealand,7,Mitchell Santner,11,5,0,1,220,0,T20I # 1850
Ish Sodhi,New Zealand Vs Sri Lanka,New Zealand,8,Ish Sodhi,1,1,0,0,100,1,T20I # 1850
Tim Southee,New Zealand Vs Sri Lanka,New Zealand,9,Tim Southee,4,1,1,0,400,0,T20I # 1850
Pathum Nissanka,New Zealand Vs Sri Lanka,Sri Lanka,1,Pathum Nissanka,0,5,0,0,0,1,T20I # 1850
Kusal Mendis,New Zealand Vs Sri Lanka,Sri Lanka,2,Kusal Mendis,4,3,1,0,133.33,1,T20I # 1850
Dhananjaya de Silva,New Zealand Vs Sri Lanka,Sri Lanka,3,Dhananjaya de Silva,0,3,0,0,0,1,T20I # 1850
Charith Asalanka,New Zealand Vs Sri Lanka,Sri Lanka,4,Charith Asalanka,4,8,0,0,50,1,T20I # 1850
Bhanuka Rajapaksa,New Zealand Vs Sri Lanka,Sri Lanka,5,Bhanuka Rajapaksa,34,22,3,2,154.54,1,T20I # 1850
Chamika Karunaratne,New Zealand Vs Sri Lanka,Sri Lanka,6,Chamika Karunaratne,3,8,0,0,37.5,1,T20I # 1850
Dasun Shanaka,New Zealand Vs Sri Lanka,Sri Lanka,7,Dasun Shanaka(c),35,32,4,1,109.37,1,T20I # 1850
Wanindu Hasaranga de Silva,New Zealand Vs Sri Lanka,Sri Lanka,8,Wanindu Hasaranga de Silva,4,6,1,0,66.66,1,T20I # 1850
Maheesh Theekshana,New Zealand Vs Sri Lanka,Sri Lanka,9,Maheesh Theekshana,0,3,0,0,0,1,T20I # 1850
Kasun Rajitha,New Zealand Vs Sri Lanka,Sri Lanka,10,Kasun Rajitha,8,21,0,0,38.09,0,T20I # 1850
Lahiru Kumara,New Zealand Vs Sri Lanka,Sri Lanka,11,Lahiru Kumara,4,5,1,0,80,1,T20I # 1850
Najmul Hossain Shanto,Bangladesh Vs Zimbabwe,Bangladesh,1,Najmul Hossain Shanto,71,55,7,1,129.09,1,T20I # 1851
Soumya Sarkar,Bangladesh Vs Zimbabwe,Bangladesh,2,Soumya Sarkar,0,2,0,0,0,1,T20I # 1851
Litton Das,Bangladesh Vs Zimbabwe,Bangladesh,3,Litton Das,14,12,3,0,116.66,1,T20I # 1851
Shakib Al Hasan,Bangladesh Vs Zimbabwe,Bangladesh,4,Shakib Al Hasan(c),23,20,1,0,115,1,T20I # 1851
Afif Hossain,Bangladesh Vs Zimbabwe,Bangladesh,5,Afif Hossain,29,19,1,1,152.63,1,T20I # 1851
Mosaddek Hossain,Bangladesh Vs Zimbabwe,Bangladesh,6,Mosaddek Hossain,7,10,0,0,70,1,T20I # 1851
Nurul Hasan,Bangladesh Vs Zimbabwe,Bangladesh,7,Nurul Hasan,1,1,0,0,100,1,T20I # 1851
Yasir Ali,Bangladesh Vs Zimbabwe,Bangladesh,8,Yasir Ali,1,1,0,0,100,0,T20I # 1851
Wessly Madhevere,Bangladesh Vs Zimbabwe,Zimbabwe,1,Wessly Madhevere,4,3,1,0,133.33,1,T20I # 1851
Craig Ervine,Bangladesh Vs Zimbabwe,Zimbabwe,2,Craig Ervine(c),8,7,2,0,114.28,1,T20I # 1851
Milton Shumba,Bangladesh Vs Zimbabwe,Zimbabwe,3,Milton Shumba,8,15,1,0,53.33,1,T20I # 1851
Sean Williams,Bangladesh Vs Zimbabwe,Zimbabwe,4,Sean Williams,64,42,8,0,152.38,1,T20I # 1851
Sikandar Raza,Bangladesh Vs Zimbabwe,Zimbabwe,5,Sikandar Raza,0,3,0,0,0,1,T20I # 1851
Regis Chakabva,Bangladesh Vs Zimbabwe,Zimbabwe,6,Regis Chakabva,15,19,0,0,78.94,1,T20I # 1851
Ryan Burl,Bangladesh Vs Zimbabwe,Zimbabwe,7,Ryan Burl,27,25,2,1,108,0,T20I # 1851
Brad Evans,Bangladesh Vs Zimbabwe,Zimbabwe,8,Brad Evans,2,2,0,0,100,1,T20I # 1851
Richard Ngarava,Bangladesh Vs Zimbabwe,Zimbabwe,9,Richard Ngarava,6,3,0,1,200,1,T20I # 1851
Blessing Muzarabani,Bangladesh Vs Zimbabwe,Zimbabwe,10,Blessing Muzarabani,0,2,0,0,0,0,T20I # 1851
Stephan Myburgh,Netherlands Vs Pakistan,Netherlands,1,Stephan Myburgh,6,11,1,0,54.54,1,T20I # 1852
Max O'Dowd,Netherlands Vs Pakistan,Netherlands,2,Max O'Dowd,8,13,0,0,61.53,1,T20I # 1852
Bas de Leede,Netherlands Vs Pakistan,Netherlands,3,Bas de Leede,6,16,1,0,37.5,0,T20I # 1852
Tom Cooper,Netherlands Vs Pakistan,Netherlands,4,Tom Cooper,1,2,0,0,50,1,T20I # 1852
Colin Ackermann,Netherlands Vs Pakistan,Netherlands,5,Colin Ackermann,27,27,2,0,100,1,T20I # 1852
Scott Edwards,Netherlands Vs Pakistan,Netherlands,6,Scott Edwards(c),15,20,1,0,75,1,T20I # 1852
Roelof van der Merwe,Netherlands Vs Pakistan,Netherlands,7,Roelof van der Merwe,5,6,0,0,83.33,1,T20I # 1852
Tim Pringle,Netherlands Vs Pakistan,Netherlands,8,Tim Pringle,5,8,0,0,62.5,1,T20I # 1852
Logan van Beek,Netherlands Vs Pakistan,Netherlands,9,Logan van Beek,6,9,0,0,66.66,0,T20I # 1852
Fred Klaassen,Netherlands Vs Pakistan,Netherlands,10,Fred Klaassen,0,1,0,0,0,1,T20I # 1852
Paul van Meekeren,Netherlands Vs Pakistan,Netherlands,11,Paul van Meekeren,7,7,0,0,100,1,T20I # 1852
Mohammad Rizwan,Netherlands Vs Pakistan,Pakistan,1,Mohammad Rizwan,49,39,5,0,125.64,1,T20I # 1852
Babar Azam,Netherlands Vs Pakistan,Pakistan,2,Babar Azam(c),4,5,1,0,80,1,T20I # 1852
Fakhar Zaman,Netherlands Vs Pakistan,Pakistan,3,Fakhar Zaman,20,16,3,0,125,1,T20I # 1852
Shan Masood,Netherlands Vs Pakistan,Pakistan,4,Shan Masood,12,16,0,0,75,1,T20I # 1852
Iftikhar Ahmed,Netherlands Vs Pakistan,Pakistan,5,Iftikhar Ahmed,6,5,0,0,120,0,T20I # 1852
Shadab Khan,Netherlands Vs Pakistan,Pakistan,6,Shadab Khan,4,2,1,0,200,0,T20I # 1852
KL Rahul,India Vs South Africa,India,1,KL Rahul,9,14,0,1,64.28,1,T20I # 1853
Rohit Sharma,India Vs South Africa,India,2,Rohit Sharma(c),15,14,1,1,107.14,1,T20I # 1853
Virat Kohli,India Vs South Africa,India,3,Virat Kohli,12,11,2,0,109.09,1,T20I # 1853
Suryakumar Yadav,India Vs South Africa,India,4,Suryakumar Yadav,68,40,6,3,170,1,T20I # 1853
Deepak Hooda,India Vs South Africa,India,5,Deepak Hooda,0,3,0,0,0,1,T20I # 1853
Hardik Pandya,India Vs South Africa,India,6,Hardik Pandya,2,3,0,0,66.66,1,T20I # 1853
Dinesh Karthik,India Vs South Africa,India,7,Dinesh Karthik,6,15,0,0,40,1,T20I # 1853
Ravichandran Ashwin,India Vs South Africa,India,8,Ravichandran Ashwin,7,11,0,0,63.63,1,T20I # 1853
Bhuvneshwar Kumar,India Vs South Africa,India,9,Bhuvneshwar Kumar,4,6,0,0,66.66,0,T20I # 1853
Mohammed Shami,India Vs South Africa,India,10,Mohammed Shami,0,2,0,0,0,1,T20I # 1853
Arshdeep Singh,India Vs South Africa,India,11,Arshdeep Singh,2,1,0,0,200,0,T20I # 1853
Quinton de Kock,India Vs South Africa,South Africa,1,Quinton de Kock,1,3,0,0,33.33,1,T20I # 1853
Temba Bavuma,India Vs South Africa,South Africa,2,Temba Bavuma(c),10,15,0,1,66.66,1,T20I # 1853
Rilee Rossouw,India Vs South Africa,South Africa,3,Rilee Rossouw,0,2,0,0,0,1,T20I # 1853
Aiden Markram,India Vs South Africa,South Africa,4,Aiden Markram,52,41,6,1,126.82,1,T20I # 1853
David Miller,India Vs South Africa,South Africa,5,David Miller,59,46,4,3,128.26,0,T20I # 1853
Tristan Stubbs,India Vs South Africa,South Africa,6,Tristan Stubbs,6,6,1,0,100,1,T20I # 1853
Wayne Parnell,India Vs South Africa,South Africa,7,Wayne Parnell,2,5,0,0,40,0,T20I # 1853
David Warner,Australia Vs Ireland,Australia,1,David Warner,3,7,0,0,42.85,1,T20I # 1855
Aaron Finch,Australia Vs Ireland,Australia,2,Aaron Finch(c),63,44,5,3,143.18,1,T20I # 1855
Mitchell Marsh,Australia Vs Ireland,Australia,3,Mitchell Marsh,28,22,2,2,127.27,1,T20I # 1855
Glenn Maxwell,Australia Vs Ireland,Australia,4,Glenn Maxwell,13,9,0,1,144.44,1,T20I # 1855
Marcus Stoinis,Australia Vs Ireland,Australia,5,Marcus Stoinis,35,25,3,1,140,1,T20I # 1855
Tim David,Australia Vs Ireland,Australia,6,Tim David,15,10,2,0,150,0,T20I # 1855
Matthew Wade,Australia Vs Ireland,Australia,7,Matthew Wade,7,3,1,0,233.33,0,T20I # 1855
Paul Stirling,Australia Vs Ireland,Ireland,1,Paul Stirling,11,7,1,1,157.14,1,T20I # 1855
Andy Balbirnie,Australia Vs Ireland,Ireland,2,Andy Balbirnie(c),6,7,0,1,85.71,1,T20I # 1855
Lorcan Tucker,Australia Vs Ireland,Ireland,3,Lorcan Tucker,71,48,9,1,147.91,0,T20I # 1855
Harry Tector,Australia Vs Ireland,Ireland,4,Harry Tector,6,4,1,0,150,1,T20I # 1855
Curtis Campher,Australia Vs Ireland,Ireland,5,Curtis Campher,0,1,0,0,0,1,T20I # 1855
George Dockrell,Australia Vs Ireland,Ireland,6,George Dockrell,0,4,0,0,0,1,T20I # 1855
Gareth Delany,Australia Vs Ireland,Ireland,7,Gareth Delany,14,10,2,0,140,1,T20I # 1855
Mark Adair,Australia Vs Ireland,Ireland,8,Mark Adair,11,11,1,0,100,1,T20I # 1855
Fionn Hand,Australia Vs Ireland,Ireland,9,Fionn Hand,6,6,1,0,100,1,T20I # 1855
Barry McCarthy,Australia Vs Ireland,Ireland,10,Barry McCarthy,3,7,0,0,42.85,1,T20I # 1855
Josh Little,Australia Vs Ireland,Ireland,11,Josh Little,1,5,0,0,20,1,T20I # 1855
Rahmanullah Gurbaz,Afghanistan Vs Sri Lanka,Afghanistan,1,Rahmanullah Gurbaz,28,24,2,2,116.66,1,T20I # 1856
Usman Ghani,Afghanistan Vs Sri Lanka,Afghanistan,2,Usman Ghani,27,27,2,1,100,1,T20I # 1856
Ibrahim Zadran,Afghanistan Vs Sri Lanka,Afghanistan,3,Ibrahim Zadran,22,18,1,1,122.22,1,T20I # 1856
Najibullah Zadran,Afghanistan Vs Sri Lanka,Afghanistan,4,Najibullah Zadran,18,16,1,0,112.5,1,T20I # 1856
Gulbadin Naib,Afghanistan Vs Sri Lanka,Afghanistan,5,Gulbadin Naib,12,14,0,0,85.71,1,T20I # 1856
Mohammad Nabi,Afghanistan Vs Sri Lanka,Afghanistan,6,Mohammad Nabi(c),13,8,1,0,162.5,1,T20I # 1856
Rashid Khan,Afghanistan Vs Sri Lanka,Afghanistan,7,Rashid Khan,9,8,1,0,112.5,1,T20I # 1856
Azmatullah Omarzai,Afghanistan Vs Sri Lanka,Afghanistan,8,Azmatullah Omarzai,3,4,0,0,75,0,T20I # 1856
Mujeeb Ur Rahman,Afghanistan Vs Sri Lanka,Afghanistan,9,Mujeeb Ur Rahman,1,2,0,0,50,1,T20I # 1856
Pathum Nissanka,Afghanistan Vs Sri Lanka,Sri Lanka,1,Pathum Nissanka,10,10,2,0,100,1,T20I # 1856
Kusal Mendis,Afghanistan Vs Sri Lanka,Sri Lanka,2,Kusal Mendis,25,27,2,1,92.59,1,T20I # 1856
Dhananjaya de Silva,Afghanistan Vs Sri Lanka,Sri Lanka,3,Dhananjaya de Silva,66,42,6,2,157.14,0,T20I # 1856
Charith Asalanka,Afghanistan Vs Sri Lanka,Sri Lanka,4,Charith Asalanka,19,18,1,0,105.55,1,T20I # 1856
Bhanuka Rajapaksa,Afghanistan Vs Sri Lanka,Sri Lanka,5,Bhanuka Rajapaksa,18,14,3,0,128.57,1,T20I # 1856
Dasun Shanaka,Afghanistan Vs Sri Lanka,Sri Lanka,6,Dasun Shanaka(c),0,0,0,0,,0,T20I # 1856
Jos Buttler,England Vs New Zealand,England,1,Jos Buttler(c),73,47,7,2,155.31,1,T20I # 1858
Alex Hales,England Vs New Zealand,England,2,Alex Hales,52,40,7,1,130,1,T20I # 1858
Moeen Ali,England Vs New Zealand,England,3,Moeen Ali,5,6,0,0,83.33,1,T20I # 1858
Liam Livingstone,England Vs New Zealand,England,4,Liam Livingstone,20,14,1,1,142.85,1,T20I # 1858
Harry Brook,England Vs New Zealand,England,5,Harry Brook,7,3,0,1,233.33,1,T20I # 1858
Ben Stokes,England Vs New Zealand,England,6,Ben Stokes,8,7,0,0,114.28,1,T20I # 1858
Sam Curran,England Vs New Zealand,England,7,Sam Curran,6,3,0,1,200,0,T20I # 1858
Dawid Malan,England Vs New Zealand,England,8,Dawid Malan,3,1,0,0,300,0,T20I # 1858
Finn Allen,England Vs New Zealand,New Zealand,1,Finn Allen,16,11,0,1,145.45,1,T20I # 1858
Devon Conway,England Vs New Zealand,New Zealand,2,Devon Conway,3,9,0,0,33.33,1,T20I # 1858
Kane Williamson,England Vs New Zealand,New Zealand,3,Kane Williamson(c),40,40,3,0,100,1,T20I # 1858
Glenn Phillips,England Vs New Zealand,New Zealand,4,Glenn Phillips,62,36,4,3,172.22,1,T20I # 1858
James Neesham,England Vs New Zealand,New Zealand,5,James Neesham,6,3,1,0,200,1,T20I # 1858
Daryl Mitchell,England Vs New Zealand,New Zealand,6,Daryl Mitchell,3,5,0,0,60,1,T20I # 1858
Mitchell Santner,England Vs New Zealand,New Zealand,7,Mitchell Santner,16,10,0,1,160,0,T20I # 1858
Ish Sodhi,England Vs New Zealand,New Zealand,8,Ish Sodhi,6,6,0,0,100,0,T20I # 1858
Wessly Madhevere,Zimbabwe Vs Netherlands,Zimbabwe,1,Wessly Madhevere,1,5,0,0,20,1,T20I # 1859
Craig Ervine,Zimbabwe Vs Netherlands,Zimbabwe,2,Craig Ervine(c),3,12,0,0,25,1,T20I # 1859
Regis Chakabva,Zimbabwe Vs Netherlands,Zimbabwe,3,Regis Chakabva,5,16,1,0,31.25,1,T20I # 1859
Sean Williams,Zimbabwe Vs Netherlands,Zimbabwe,4,Sean Williams,28,23,3,0,121.73,1,T20I # 1859
Sikandar Raza,Zimbabwe Vs Netherlands,Zimbabwe,5,Sikandar Raza,40,24,3,3,166.66,1,T20I # 1859
Milton Shumba,Zimbabwe Vs Netherlands,Zimbabwe,6,Milton Shumba,2,3,0,0,66.66,1,T20I # 1859
Ryan Burl,Zimbabwe Vs Netherlands,Zimbabwe,7,Ryan Burl,2,7,0,0,28.57,1,T20I # 1859
Luke Jongwe,Zimbabwe Vs Netherlands,Zimbabwe,8,Luke Jongwe,6,8,0,0,75,1,T20I # 1859
Richard Ngarava,Zimbabwe Vs Netherlands,Zimbabwe,9,Richard Ngarava,9,7,0,1,128.57,1,T20I # 1859
Tendai Chatara,Zimbabwe Vs Netherlands,Zimbabwe,10,Tendai Chatara,6,7,0,0,85.71,0,T20I # 1859
Blessing Muzarabani,Zimbabwe Vs Netherlands,Zimbabwe,11,Blessing Muzarabani,1,4,0,0,25,1,T20I # 1859
Stephan Myburgh,Zimbabwe Vs Netherlands,Netherlands,1,Stephan Myburgh,8,7,0,1,114.28,1,T20I # 1859
Max O'Dowd,Zimbabwe Vs Netherlands,Netherlands,2,Max O'Dowd,52,47,8,1,110.63,1,T20I # 1859
Tom Cooper,Zimbabwe Vs Netherlands,Netherlands,3,Tom Cooper,32,29,2,1,110.34,1,T20I # 1859
Colin Ackermann,Zimbabwe Vs Netherlands,Netherlands,4,Colin Ackermann,1,5,0,0,20,1,T20I # 1859
Bas de Leede,Zimbabwe Vs Netherlands,Netherlands,5,Bas de Leede,12,12,2,0,100,0,T20I # 1859
Scott Edwards,Zimbabwe Vs Netherlands,Netherlands,6,Scott Edwards(c),5,6,1,0,83.33,1,T20I # 1859
Roelof van der Merwe,Zimbabwe Vs Netherlands,Netherlands,7,Roelof van der Merwe,0,3,0,0,0,0,T20I # 1859
KL Rahul,India Vs Bangladesh,India,1,KL Rahul,50,32,3,4,156.25,1,T20I # 1860
Rohit Sharma,India Vs Bangladesh,India,2,Rohit Sharma(c),2,8,0,0,25,1,T20I # 1860
Virat Kohli,India Vs Bangladesh,India,3,Virat Kohli,64,44,8,1,145.45,0,T20I # 1860
Suryakumar Yadav,India Vs Bangladesh,India,4,Suryakumar Yadav,30,16,4,0,187.5,1,T20I # 1860
Hardik Pandya,India Vs Bangladesh,India,5,Hardik Pandya,5,6,0,0,83.33,1,T20I # 1860
Dinesh Karthik,India Vs Bangladesh,India,6,Dinesh Karthik,7,5,1,0,140,1,T20I # 1860
Axar Patel,India Vs Bangladesh,India,7,Axar Patel,7,6,1,0,116.66,1,T20I # 1860
Ravichandran Ashwin,India Vs Bangladesh,India,8,Ravichandran Ashwin,13,6,1,1,216.66,0,T20I # 1860
Najmul Hossain Shanto,India Vs Bangladesh,Bangladesh,1,Najmul Hossain Shanto,21,25,1,1,84,1,T20I # 1860
Litton Das,India Vs Bangladesh,Bangladesh,2,Litton Das,60,27,7,3,222.22,1,T20I # 1860
Shakib Al Hasan,India Vs Bangladesh,Bangladesh,3,Shakib Al Hasan(c),13,12,2,0,108.33,1,T20I # 1860
Afif Hossain,India Vs Bangladesh,Bangladesh,4,Afif Hossain,3,5,0,0,60,1,T20I # 1860
Yasir Ali,India Vs Bangladesh,Bangladesh,5,Yasir Ali,1,3,0,0,33.33,1,T20I # 1860
Nurul Hasan,India Vs Bangladesh,Bangladesh,6,Nurul Hasan,25,14,2,1,178.57,0,T20I # 1860
Mosaddek Hossain,India Vs Bangladesh,Bangladesh,7,Mosaddek Hossain,6,3,0,1,200,1,T20I # 1860
Taskin Ahmed,India Vs Bangladesh,Bangladesh,8,Taskin Ahmed,12,7,1,1,171.42,0,T20I # 1860
Mohammad Rizwan,Pakistan Vs South Africa,Pakistan,1,Mohammad Rizwan,4,4,1,0,100,1,T20I # 1861
Babar Azam,Pakistan Vs South Africa,Pakistan,2,Babar Azam(c),6,15,0,0,40,1,T20I # 1861
Mohammad Haris,Pakistan Vs South Africa,Pakistan,3,Mohammad Haris,28,11,2,3,254.54,1,T20I # 1861
Shan Masood,Pakistan Vs South Africa,Pakistan,4,Shan Masood,2,6,0,0,33.33,1,T20I # 1861
Iftikhar Ahmed,Pakistan Vs South Africa,Pakistan,5,Iftikhar Ahmed,51,35,3,2,145.71,1,T20I # 1861
Mohammad Nawaz,Pakistan Vs South Africa,Pakistan,6,Mohammad Nawaz,28,22,4,1,127.27,1,T20I # 1861
Shadab Khan,Pakistan Vs South Africa,Pakistan,7,Shadab Khan,52,22,3,4,236.36,1,T20I # 1861
Mohammad Wasim,Pakistan Vs South Africa,Pakistan,8,Mohammad Wasim,0,1,0,0,0,1,T20I # 1861
Naseem Shah,Pakistan Vs South Africa,Pakistan,9,Naseem Shah,5,3,0,0,166.66,0,T20I # 1861
Haris Rauf,Pakistan Vs South Africa,Pakistan,10,Haris Rauf,3,2,0,0,150,1,T20I # 1861
Temba Bavuma,Pakistan Vs South Africa,South Africa,1,Temba Bavuma(c),36,19,4,1,189.47,1,T20I # 1861
Quinton de Kock,Pakistan Vs South Africa,South Africa,2,Quinton de Kock,0,5,0,0,0,1,T20I # 1861
Rilee Rossouw,Pakistan Vs South Africa,South Africa,3,Rilee Rossouw,7,6,0,1,116.66,1,T20I # 1861
Aiden Markram,Pakistan Vs South Africa,South Africa,4,Aiden Markram,20,14,4,0,142.85,1,T20I # 1861
Heinrich Klaasen,Pakistan Vs South Africa,South Africa,5,Heinrich Klaasen,15,9,3,0,166.66,1,T20I # 1861
Tristan Stubbs,Pakistan Vs South Africa,South Africa,6,Tristan Stubbs,18,18,0,1,100,1,T20I # 1861
Wayne Parnell,Pakistan Vs South Africa,South Africa,7,Wayne Parnell,3,4,0,0,75,1,T20I # 1861
Kagiso Rabada,Pakistan Vs South Africa,South Africa,8,Kagiso Rabada,1,2,0,0,50,1,T20I # 1861
Anrich Nortje,Pakistan Vs South Africa,South Africa,9,Anrich Nortje,1,5,0,0,20,1,T20I # 1861
Lungi Ngidi,Pakistan Vs South Africa,South Africa,10,Lungi Ngidi,4,1,1,0,400,0,T20I # 1861
Tabraiz Shamsi,Pakistan Vs South Africa,South Africa,11,Tabraiz Shamsi,1,1,0,0,100,0,T20I # 1861
Finn Allen,New Zealand Vs Ireland,New Zealand,1,Finn Allen,32,18,5,1,177.77,1,T20I # 1862
Devon Conway,New Zealand Vs Ireland,New Zealand,2,Devon Conway,28,33,2,0,84.84,1,T20I # 1862
Kane Williamson,New Zealand Vs Ireland,New Zealand,3,Kane Williamson(c),61,35,5,3,174.28,1,T20I # 1862
Glenn Phillips,New Zealand Vs Ireland,New Zealand,4,Glenn Phillips,17,9,2,1,188.88,1,T20I # 1862
Daryl Mitchell,New Zealand Vs Ireland,New Zealand,5,Daryl Mitchell,31,21,2,0,147.61,0,T20I # 1862
James Neesham,New Zealand Vs Ireland,New Zealand,6,James Neesham,0,1,0,0,0,1,T20I # 1862
Mitchell Santner,New Zealand Vs Ireland,New Zealand,7,Mitchell Santner,0,1,0,0,0,1,T20I # 1862
Tim Southee,New Zealand Vs Ireland,New Zealand,8,Tim Southee,1,2,0,0,50,0,T20I # 1862
Paul Stirling,New Zealand Vs Ireland,Ireland,1,Paul Stirling,37,27,3,1,137.03,1,T20I # 1862
Andy Balbirnie,New Zealand Vs Ireland,Ireland,2,Andy Balbirnie(c),30,25,0,3,120,1,T20I # 1862
Lorcan Tucker,New Zealand Vs Ireland,Ireland,3,Lorcan Tucker,13,14,0,0,92.85,1,T20I # 1862
Harry Tector,New Zealand Vs Ireland,Ireland,4,Harry Tector,2,7,0,0,28.57,1,T20I # 1862
Gareth Delany,New Zealand Vs Ireland,Ireland,5,Gareth Delany,10,8,2,0,125,1,T20I # 1862
George Dockrell,New Zealand Vs Ireland,Ireland,6,George Dockrell,23,15,3,0,153.33,1,T20I # 1862
Curtis Campher,New Zealand Vs Ireland,Ireland,7,Curtis Campher,7,7,1,0,100,1,T20I # 1862
Fionn Hand,New Zealand Vs Ireland,Ireland,8,Fionn Hand,5,3,1,0,166.66,1,T20I # 1862
Mark Adair,New Zealand Vs Ireland,Ireland,9,Mark Adair,4,5,0,0,80,1,T20I # 1862
Barry McCarthy,New Zealand Vs Ireland,Ireland,10,Barry McCarthy,6,5,0,0,120,0,T20I # 1862
Josh Little,New Zealand Vs Ireland,Ireland,11,Josh Little,8,4,0,1,200,0,T20I # 1862
David Warner,Australia Vs Afghanistan,Australia,1,David Warner,25,18,5,0,138.88,1,T20I # 1864
Cameron Green,Australia Vs Afghanistan,Australia,2,Cameron Green,3,2,0,0,150,1,T20I # 1864
Mitchell Marsh,Australia Vs Afghanistan,Australia,3,Mitchell Marsh,45,30,3,2,150,1,T20I # 1864
Steven Smith,Australia Vs Afghanistan,Australia,4,Steven Smith,4,4,1,0,100,1,T20I # 1864
Marcus Stoinis,Australia Vs Afghanistan,Australia,5,Marcus Stoinis,25,21,0,2,119.04,1,T20I # 1864
Glenn Maxwell,Australia Vs Afghanistan,Australia,6,Glenn Maxwell,54,32,6,2,168.75,0,T20I # 1864
Matthew Wade,Australia Vs Afghanistan,Australia,7,Matthew Wade(c),6,8,1,0,75,1,T20I # 1864
Pat Cummins,Australia Vs Afghanistan,Australia,8,Pat Cummins,0,2,0,0,0,1,T20I # 1864
Kane Richardson,Australia Vs Afghanistan,Australia,9,Kane Richardson,1,1,0,0,100,1,T20I # 1864
Adam Zampa,Australia Vs Afghanistan,Australia,10,Adam Zampa,1,1,0,0,100,0,T20I # 1864
Rahmanullah Gurbaz,Australia Vs Afghanistan,Afghanistan,1,Rahmanullah Gurbaz,30,17,2,2,176.47,1,T20I # 1864
Usman Ghani,Australia Vs Afghanistan,Afghanistan,2,Usman Ghani,2,7,0,0,28.57,1,T20I # 1864
Ibrahim Zadran,Australia Vs Afghanistan,Afghanistan,3,Ibrahim Zadran,26,33,2,0,78.78,1,T20I # 1864
Gulbadin Naib,Australia Vs Afghanistan,Afghanistan,4,Gulbadin Naib,39,23,3,2,169.56,1,T20I # 1864
Mohammad Nabi,Australia Vs Afghanistan,Afghanistan,5,Mohammad Nabi(c),1,2,0,0,50,1,T20I # 1864
Najibullah Zadran,Australia Vs Afghanistan,Afghanistan,6,Najibullah Zadran,0,2,0,0,0,1,T20I # 1864
Darwish Rasooli,Australia Vs Afghanistan,Afghanistan,7,Darwish Rasooli,15,13,1,0,115.38,1,T20I # 1864
Rashid Khan,Australia Vs Afghanistan,Afghanistan,8,Rashid Khan,48,23,3,4,208.69,0,T20I # 1864
Naveen-ul-Haq,Australia Vs Afghanistan,Afghanistan,9,Naveen-ul-Haq,0,0,0,0,,0,T20I # 1864
Pathum Nissanka,Sri Lanka Vs England,Sri Lanka,1,Pathum Nissanka,67,45,2,5,148.88,1,T20I # 1867
Kusal Mendis,Sri Lanka Vs England,Sri Lanka,2,Kusal Mendis,18,14,1,1,128.57,1,T20I # 1867
Dhananjaya de Silva,Sri Lanka Vs England,Sri Lanka,3,Dhananjaya de Silva,9,11,0,0,81.81,1,T20I # 1867
Charith Asalanka,Sri Lanka Vs England,Sri Lanka,4,Charith Asalanka,8,9,0,0,88.88,1,T20I # 1867
Bhanuka Rajapaksa,Sri Lanka Vs England,Sri Lanka,5,Bhanuka Rajapaksa,22,22,3,0,100,1,T20I # 1867
Dasun Shanaka,Sri Lanka Vs England,Sri Lanka,6,Dasun Shanaka(c),3,8,0,0,37.5,1,T20I # 1867
Wanindu Hasaranga de Silva,Sri Lanka Vs England,Sri Lanka,7,Wanindu Hasaranga de Silva,9,9,1,0,100,1,T20I # 1867
Chamika Karunaratne,Sri Lanka Vs England,Sri Lanka,8,Chamika Karunaratne,0,2,0,0,0,1,T20I # 1867
Maheesh Theekshana,Sri Lanka Vs England,Sri Lanka,9,Maheesh Theekshana,0,0,0,0,,0,T20I # 1867
Jos Buttler,Sri Lanka Vs England,England,1,Jos Buttler(c),28,23,2,1,121.73,1,T20I # 1867
Alex Hales,Sri Lanka Vs England,England,2,Alex Hales,47,30,7,1,156.66,1,T20I # 1867
Ben Stokes,Sri Lanka Vs England,England,3,Ben Stokes,42,36,2,0,116.66,0,T20I # 1867
Harry Brook,Sri Lanka Vs England,England,4,Harry Brook,4,5,0,0,80,1,T20I # 1867
Liam Livingstone,Sri Lanka Vs England,England,5,Liam Livingstone,4,6,0,0,66.66,1,T20I # 1867
Moeen Ali,Sri Lanka Vs England,England,6,Moeen Ali,1,5,0,0,20,1,T20I # 1867
Sam Curran,Sri Lanka Vs England,England,7,Sam Curran,6,11,0,0,54.54,1,T20I # 1867
Chris Woakes,Sri Lanka Vs England,England,8,Chris Woakes,5,3,1,0,166.66,0,T20I # 1867
Stephan Myburgh,Netherlands Vs South Africa,Netherlands,1,Stephan Myburgh,37,30,7,0,123.33,1,T20I # 1871
Max O'Dowd,Netherlands Vs South Africa,Netherlands,2,Max O'Dowd,29,31,1,1,93.54,1,T20I # 1871
Tom Cooper,Netherlands Vs South Africa,Netherlands,3,Tom Cooper,35,19,2,2,184.21,1,T20I # 1871
Colin Ackermann,Netherlands Vs South Africa,Netherlands,4,Colin Ackermann,41,26,3,2,157.69,0,T20I # 1871
Bas de Leede,Netherlands Vs South Africa,Netherlands,5,Bas de Leede,1,7,0,0,14.28,1,T20I # 1871
Scott Edwards,Netherlands Vs South Africa,Netherlands,6,Scott Edwards(c),12,7,2,0,171.42,0,T20I # 1871
Quinton de Kock,Netherlands Vs South Africa,South Africa,1,Quinton de Kock,13,13,1,1,100,1,T20I # 1871
Temba Bavuma,Netherlands Vs South Africa,South Africa,2,Temba Bavuma(c),20,20,2,0,100,1,T20I # 1871
Rilee Rossouw,Netherlands Vs South Africa,South Africa,3,Rilee Rossouw,25,19,2,0,131.57,1,T20I # 1871
Aiden Markram,Netherlands Vs South Africa,South Africa,4,Aiden Markram,17,13,2,0,130.76,1,T20I # 1871
David Miller,Netherlands Vs South Africa,South Africa,5,David Miller,17,17,1,0,100,1,T20I # 1871
Heinrich Klaasen,Netherlands Vs South Africa,South Africa,6,Heinrich Klaasen,21,18,0,1,116.66,1,T20I # 1871
Wayne Parnell,Netherlands Vs South Africa,South Africa,7,Wayne Parnell,0,2,0,0,0,1,T20I # 1871
Keshav Maharaj,Netherlands Vs South Africa,South Africa,8,Keshav Maharaj,13,12,0,1,108.33,1,T20I # 1871
Kagiso Rabada,Netherlands Vs South Africa,South Africa,9,Kagiso Rabada,9,8,0,0,112.5,0,T20I # 1871
Anrich Nortje,Netherlands Vs South Africa,South Africa,10,Anrich Nortje,4,1,1,0,400,0,T20I # 1871
Najmul Hossain Shanto,Bangladesh Vs Pakistan,Bangladesh,1,Najmul Hossain Shanto,54,48,7,0,112.5,1,T20I # 1872
Litton Das,Bangladesh Vs Pakistan,Bangladesh,2,Litton Das,10,8,0,1,125,1,T20I # 1872
Soumya Sarkar,Bangladesh Vs Pakistan,Bangladesh,3,Soumya Sarkar,20,17,1,1,117.64,1,T20I # 1872
Shakib Al Hasan,Bangladesh Vs Pakistan,Bangladesh,4,Shakib Al Hasan(c),0,1,0,0,0,1,T20I # 1872
Afif Hossain,Bangladesh Vs Pakistan,Bangladesh,5,Afif Hossain,24,20,3,0,120,0,T20I # 1872
Mosaddek Hossain,Bangladesh Vs Pakistan,Bangladesh,6,Mosaddek Hossain,5,11,0,0,45.45,1,T20I # 1872
Nurul Hasan,Bangladesh Vs Pakistan,Bangladesh,7,Nurul Hasan,0,3,0,0,0,1,T20I # 1872
Taskin Ahmed,Bangladesh Vs Pakistan,Bangladesh,8,Taskin Ahmed,1,5,0,0,20,1,T20I # 1872
Nasum Ahmed,Bangladesh Vs Pakistan,Bangladesh,9,Nasum Ahmed,7,6,1,0,116.66,1,T20I # 1872
Mustafizur Rahman,Bangladesh Vs Pakistan,Bangladesh,10,Mustafizur Rahman,0,1,0,0,0,0,T20I # 1872
Mohammad Rizwan,Bangladesh Vs Pakistan,Pakistan,1,Mohammad Rizwan,32,32,2,1,100,1,T20I # 1872
Babar Azam,Bangladesh Vs Pakistan,Pakistan,2,Babar Azam(c),25,33,2,0,75.75,1,T20I # 1872
Mohammad Nawaz,Bangladesh Vs Pakistan,Pakistan,3,Mohammad Nawaz,4,11,0,0,36.36,1,T20I # 1872
Mohammad Haris,Bangladesh Vs Pakistan,Pakistan,4,Mohammad Haris,31,18,1,2,172.22,1,T20I # 1872
Shan Masood,Bangladesh Vs Pakistan,Pakistan,5,Shan Masood,24,14,2,0,171.42,0,T20I # 1872
Iftikhar Ahmed,Bangladesh Vs Pakistan,Pakistan,6,Iftikhar Ahmed,1,3,0,0,33.33,1,T20I # 1872
Shadab Khan,Bangladesh Vs Pakistan,Pakistan,7,Shadab Khan,0,0,0,0,,0,T20I # 1872
KL Rahul,India Vs Zimbabwe,India,1,KL Rahul,51,35,3,3,145.71,1,T20I # 1873
Rohit Sharma,India Vs Zimbabwe,India,2,Rohit Sharma(c),15,13,2,0,115.38,1,T20I # 1873
Virat Kohli,India Vs Zimbabwe,India,3,Virat Kohli,26,25,2,0,104,1,T20I # 1873
Suryakumar Yadav,India Vs Zimbabwe,India,4,Suryakumar Yadav,61,25,6,4,244,0,T20I # 1873
Rishabh Pant,India Vs Zimbabwe,India,5,Rishabh Pant,3,5,0,0,60,1,T20I # 1873
Hardik Pandya,India Vs Zimbabwe,India,6,Hardik Pandya,18,18,2,0,100,1,T20I # 1873
Axar Patel,India Vs Zimbabwe,India,7,Axar Patel,0,0,0,0,,0,T20I # 1873
Wessly Madhevere,India Vs Zimbabwe,Zimbabwe,1,Wessly Madhevere,0,1,0,0,0,1,T20I # 1873
Craig Ervine,India Vs Zimbabwe,Zimbabwe,2,Craig Ervine(c),13,15,2,0,86.66,1,T20I # 1873
Regis Chakabva,India Vs Zimbabwe,Zimbabwe,3,Regis Chakabva,0,6,0,0,0,1,T20I # 1873
Sean Williams,India Vs Zimbabwe,Zimbabwe,4,Sean Williams,11,18,0,1,61.11,1,T20I # 1873
Sikandar Raza,India Vs Zimbabwe,Zimbabwe,5,Sikandar Raza,34,24,3,0,141.66,1,T20I # 1873
Tony Munyonga,India Vs Zimbabwe,Zimbabwe,6,Tony Munyonga,5,4,1,0,125,1,T20I # 1873
Ryan Burl,India Vs Zimbabwe,Zimbabwe,7,Ryan Burl,35,22,5,1,159.09,1,T20I # 1873
Wellington Masakadza,India Vs Zimbabwe,Zimbabwe,8,Wellington Masakadza,1,7,0,0,14.28,1,T20I # 1873
Richard Ngarava,India Vs Zimbabwe,Zimbabwe,9,Richard Ngarava,1,2,0,0,50,1,T20I # 1873
Tendai Chatara,India Vs Zimbabwe,Zimbabwe,10,Tendai Chatara,4,4,1,0,100,1,T20I # 1873
Blessing Muzarabani,India Vs Zimbabwe,Zimbabwe,11,Blessing Muzarabani,0,2,0,0,0,0,T20I # 1873
Finn Allen,New Zealand Vs Pakistan,New Zealand,1,Finn Allen,4,3,1,0,133.33,1,T20I # 1877
Devon Conway,New Zealand Vs Pakistan,New Zealand,2,Devon Conway,21,20,3,0,105,1,T20I # 1877
Kane Williamson,New Zealand Vs Pakistan,New Zealand,3,Kane Williamson(c),46,42,1,1,109.52,1,T20I # 1877
Glenn Phillips,New Zealand Vs Pakistan,New Zealand,4,Glenn Phillips,6,8,1,0,75,1,T20I # 1877
Daryl Mitchell,New Zealand Vs Pakistan,New Zealand,5,Daryl Mitchell,53,35,3,1,151.42,0,T20I # 1877
James Neesham,New Zealand Vs Pakistan,New Zealand,6,James Neesham,16,12,1,0,133.33,0,T20I # 1877
Mohammad Rizwan,New Zealand Vs Pakistan,Pakistan,1,Mohammad Rizwan,57,43,5,0,132.55,1,T20I # 1877
Babar Azam,New Zealand Vs Pakistan,Pakistan,2,Babar Azam(c),53,42,7,0,126.19,1,T20I # 1877
Mohammad Haris,New Zealand Vs Pakistan,Pakistan,3,Mohammad Haris,30,26,2,1,115.38,1,T20I # 1877
Shan Masood,New Zealand Vs Pakistan,Pakistan,4,Shan Masood,3,4,0,0,75,0,T20I # 1877
Iftikhar Ahmed,New Zealand Vs Pakistan,Pakistan,5,Iftikhar Ahmed,0,0,0,0,,0,T20I # 1877
KL Rahul,India Vs England,India,1,KL Rahul,5,5,1,0,100,1,T20I # 1878
Rohit Sharma,India Vs England,India,2,Rohit Sharma(c),27,28,4,0,96.42,1,T20I # 1878
Virat Kohli,India Vs England,India,3,Virat Kohli,50,40,4,1,125,1,T20I # 1878
Suryakumar Yadav,India Vs England,India,4,Suryakumar Yadav,14,10,1,1,140,1,T20I # 1878
Hardik Pandya,India Vs England,India,5,Hardik Pandya,63,33,4,5,190.9,1,T20I # 1878
Rishabh Pant,India Vs England,India,6,Rishabh Pant,6,4,1,0,150,1,T20I # 1878
Ravichandran Ashwin,India Vs England,India,7,Ravichandran Ashwin,0,0,0,0,,0,T20I # 1878
Jos Buttler,India Vs England,England,1,Jos Buttler(c),80,49,9,3,163.26,0,T20I # 1878
Alex Hales,India Vs England,England,2,Alex Hales,86,47,4,7,182.97,0,T20I # 1878
Mohammad Rizwan,Pakistan Vs England,Pakistan,1,Mohammad Rizwan,15,14,0,1,107.14,1,T20I # 1879
Babar Azam,Pakistan Vs England,Pakistan,2,Babar Azam(c),32,28,2,0,114.28,1,T20I # 1879
Mohammad Haris,Pakistan Vs England,Pakistan,3,Mohammad Haris,8,12,1,0,66.66,1,T20I # 1879
Shan Masood,Pakistan Vs England,Pakistan,4,Shan Masood,38,28,2,1,135.71,1,T20I # 1879
Iftikhar Ahmed,Pakistan Vs England,Pakistan,5,Iftikhar Ahmed,0,6,0,0,0,1,T20I # 1879
Shadab Khan,Pakistan Vs England,Pakistan,6,Shadab Khan,20,14,2,0,142.85,1,T20I # 1879
Mohammad Nawaz,Pakistan Vs England,Pakistan,7,Mohammad Nawaz,5,7,0,0,71.42,1,T20I # 1879
Mohammad Wasim,Pakistan Vs England,Pakistan,8,Mohammad Wasim,4,8,0,0,50,1,T20I # 1879
Shaheen Shah Afridi,Pakistan Vs England,Pakistan,9,Shaheen Shah Afridi,5,3,1,0,166.66,0,T20I # 1879
Haris Rauf,Pakistan Vs England,Pakistan,10,Haris Rauf,1,1,0,0,100,0,T20I # 1879
Jos Buttler,Pakistan Vs England,England,1,Jos Buttler(c),26,17,3,1,152.94,1,T20I # 1879
Alex Hales,Pakistan Vs England,England,2,Alex Hales,1,2,0,0,50,1,T20I # 1879
Phil Salt,Pakistan Vs England,England,3,Phil Salt,10,9,2,0,111.11,1,T20I # 1879
Ben Stokes,Pakistan Vs England,England,4,Ben Stokes,52,49,5,1,106.12,0,T20I # 1879
Harry Brook,Pakistan Vs England,England,5,Harry Brook,20,23,1,0,86.95,1,T20I # 1879
Moeen Ali,Pakistan Vs England,England,6,Moeen Ali,19,13,3,0,146.15,1,T20I # 1879
Liam Livingstone,Pakistan Vs England,England,7,Liam Livingstone,1,1,0,0,100,0,T20I # 1879
